center,region,band_id,wn_start,wn_end,wn_peak,score_mean_f,score_max_f,score_sum_f,n_features_in_band,n_samples,strategy,weighted_score,center_weight
2900,overall,11,2900.8125,2940.519531,2913.818359,10.849569954932266,14.605324846748845,542.4784977466132,50,118,fallback_top1_top1_a017,9.00514306259378,0.83
2900,overall,6,2700.847656,2739.902344,2723.813477,10.464040929258061,24.255439825973095,491.80992367512886,47,118,fallback_top1_top1_a017,8.68515397128419,0.83
2900,overall,16,3101.227539,3140.674805,3120.610352,8.955061980412065,14.042835574888725,465.66322298142734,52,118,fallback_top1_top1_a017,7.432701443742014,0.83
2900,overall,7,2740.74707,2780.279297,2763.501953,8.520315441959669,13.966569185784083,408.97514121406414,48,118,fallback_top1_top1_a017,7.071861816826525,0.83
2900,overall,8,2781.117188,2820.28125,2781.117188,7.321653679847721,12.560528053504518,351.4393766326906,48,118,fallback_top1_top1_a017,6.076972554273608,0.83
2900,overall,1,2501.051758,2540.145508,2536.605469,6.757152865095281,9.85424885967437,304.07187892928766,45,118,fallback_top1_top1_a017,5.608436878029083,0.83
2900,overall,10,2860.736328,2899.999023,2881.230469,6.7068592431662974,15.03790097445154,328.63610291514857,49,118,fallback_top1_top1_a017,5.566693171828026,0.83
2900,overall,5,2661.4375,2699.995117,2675.186523,6.336395033479817,11.116874662293595,291.47417154007155,46,118,fallback_top1_top1_a017,5.259207877788247,0.83
2900,overall,2,2541.030273,2580.655273,2564.847656,6.2987835591898085,12.309254385791913,289.7440437227312,46,118,fallback_top1_top1_a017,5.227990354127541,0.83
2900,overall,20,3261.345703,3284.467773,3265.083984,6.085594232948083,10.57853212843132,194.73901545433867,32,118,fallback_top1_top1_a017,5.051043213346909,0.83
2900,overall,17,3141.444336,3180.522461,3146.060547,6.0707181690271845,14.298688284747161,315.6773447894136,52,118,fallback_top1_top1_a017,5.038696080292563,0.83
2900,overall,15,3061.413086,3100.450195,3093.450195,5.73189487081012,17.069333896648786,292.3266384113161,51,118,fallback_top1_top1_a017,4.757472742772399,0.83
2900,overall,14,3021.227539,3060.628906,3021.227539,5.140712886013852,6.5845869243996775,262.17635718670647,51,118,fallback_top1_top1_a017,4.266791695391497,0.83
2900,overall,12,2941.326172,2980.663086,2960.638672,5.117444836804188,8.922956997003064,255.87224184020937,50,118,fallback_top1_top1_a017,4.247479214547475,0.83
2900,overall,9,2821.111328,2859.914063,2846.744141,4.969221216461349,13.086049526406805,238.52261839014477,48,118,fallback_top1_top1_a017,4.12445360966292,0.83
2900,overall,13,2981.461914,3020.435547,3016.474609,4.941703689407877,9.67729892136214,247.08518447039384,50,118,fallback_top1_top1_a017,4.1016140622085375,0.83
2900,overall,4,2620.798828,2660.577148,2657.132813,4.8312526985372335,10.580301351097406,227.06887683124998,47,118,fallback_top1_top1_a017,4.009939739785904,0.83
1500,overall,13,1451.255859,1489.476563,1478.887695,18.867438743269606,31.433806523612414,698.0952335009754,37,118,fallback_top1_top1_a017,3.207464586355833,0.17
2900,overall,0,2460.719727,2500.15918,2494.800781,3.7936447101815425,7.847180376886387,170.7140119581694,45,118,fallback_top1_top1_a017,3.1487251094506803,0.83
2900,overall,19,3220.75293,3260.597656,3238.84375,2.20775890819237,4.177759874220904,119.21898104238797,54,118,fallback_top1_top1_a017,1.8324398937996669,0.83
2900,overall,3,2581.532227,2619.929688,2583.285156,1.929727389919245,4.6190634973678115,86.83773254636603,45,118,fallback_top1_top1_a017,1.6016737336329734,0.83
1500,overall,12,1410.613281,1450.19043,1440.59082,8.905147376612762,23.676286354517558,338.39560031128497,38,118,fallback_top1_top1_a017,1.5138750540241697,0.17
2900,overall,18,3181.285156,3219.99707,3219.99707,1.7772937190663074,3.716780459879948,92.41927339144799,52,118,fallback_top1_top1_a017,1.475153786825035,0.83
1500,overall,14,1490.535156,1529.526367,1490.535156,6.729983587990103,23.455965876769152,255.73937634362392,38,118,fallback_top1_top1_a017,1.1440972099583175,0.17
1500,overall,9,1291.183594,1329.474609,1291.183594,5.9681559145979675,21.549284010324183,214.85361292552682,36,118,fallback_top1_top1_a017,1.0145865054816545,0.17
1500,overall,8,1250.40332,1290.084961,1290.084961,5.475016287964314,20.73668980262372,202.5756026546796,37,118,fallback_top1_top1_a017,0.9307527689539334,0.17
1500,overall,4,1090.962891,1129.568359,1127.304688,5.420698642432527,15.283553786488257,189.72445248513847,35,118,fallback_top1_top1_a017,0.9215187692135297,0.17
1500,overall,18,1650.983398,1689.845703,1682.708008,4.621857455639834,9.453189634690515,180.25244076995352,39,118,fallback_top1_top1_a017,0.7857157674587718,0.17
1500,overall,2,1010.616211,1049.787109,1012.928711,4.503264443541804,15.55122170446115,157.61425552396312,35,118,fallback_top1_top1_a017,0.7655549554021067,0.17
1500,overall,23,1850.436523,1889.833984,1880.012695,4.180947402940352,8.435993975301868,171.41884352055442,41,118,fallback_top1_top1_a017,0.7107610584998599,0.17
1500,overall,11,1370.739258,1409.539063,1395.560547,4.052917474535711,10.797537979111889,149.95794655782132,37,118,fallback_top1_top1_a017,0.6889959706710709,0.17
1500,overall,19,1690.864258,1729.438477,1710.186523,3.9906659689549566,8.361453712966457,155.6359727892433,39,118,fallback_top1_top1_a017,0.6784132147223427,0.17
1500,overall,1,971.169922,1009.459961,976.988281,3.598805296094003,7.0869893048348125,122.3593800671961,34,118,fallback_top1_top1_a017,0.6117969003359806,0.17
1500,overall,26,1970.641602,1997.616211,1971.607422,3.2380500990872982,8.220665198801969,93.90345287353165,29,118,fallback_top1_top1_a017,0.5504685168448408,0.17
1500,overall,15,1530.576172,1569.277344,1537.918945,3.1131484701768475,11.342291351378375,118.29964186672021,38,118,fallback_top1_top1_a017,0.5292352399300642,0.17
1500,overall,3,1050.935547,1089.823242,1060.110352,3.0945214105125194,10.108492133810358,108.30824936793817,35,118,fallback_top1_top1_a017,0.5260686397871284,0.17
1500,overall,0,930.273438,970.004883,941.988281,3.0253142610090706,8.163714026085497,105.88599913531748,35,118,fallback_top1_top1_a017,0.5143034243715421,0.17
1500,overall,22,1810.742188,1849.448242,1822.681641,2.8913366996671925,11.433538400948,115.6534679866877,40,118,fallback_top1_top1_a017,0.49152723894342276,0.17
1500,overall,25,1930.882813,1969.675781,1956.131836,2.6990951593154144,9.167124546145986,110.662901531932,41,118,fallback_top1_top1_a017,0.45884617708362047,0.17
1500,overall,21,1770.74707,1809.746094,1800.771484,2.667215990317829,7.6991428783234115,106.68863961271316,40,118,fallback_top1_top1_a017,0.453426718354031,0.17
1500,overall,5,1130.699219,1170.147461,1130.699219,2.6542515164680123,14.278568737586069,95.55305459284844,36,118,fallback_top1_top1_a017,0.4512227577995621,0.17
1500,overall,17,1610.803711,1649.957031,1620.102539,2.3639010646237333,7.496397780356415,92.19214152032559,39,118,fallback_top1_top1_a017,0.4018631809860347,0.17
1500,overall,16,1570.319336,1609.769531,1604.594727,2.2932795892944218,5.178324626308082,89.43790398248245,39,118,fallback_top1_top1_a017,0.3898575301800517,0.17
1500,overall,20,1730.450195,1769.743164,1735.503906,2.0719371767943238,6.847609675089137,82.87748707177295,40,118,fallback_top1_top1_a017,0.35222932005503504,0.17
1500,overall,7,1210.425781,1249.296875,1228.230469,2.0512738117523543,4.417344243557086,73.84585722308476,36,118,fallback_top1_top1_a017,0.34871654799790025,0.17
1500,overall,10,1330.564453,1369.657227,1353.40332,1.9819462585783227,6.1808639306087425,73.33201156739794,37,118,fallback_top1_top1_a017,0.3369308639583149,0.17
1500,overall,24,1890.81543,1929.90918,1902.574219,1.342094726705724,5.5209045803978505,55.02588379493468,41,118,fallback_top1_top1_a017,0.2281561035399731,0.17
1500,overall,6,1171.270508,1209.310547,1207.080078,1.2452832725396668,5.855233855082489,43.584914538888334,35,118,fallback_top1_top1_a017,0.21169815633174335,0.17
2900,overall,11,2900.8125,2940.519531,2913.818359,10.849569954932266,14.605324846748845,542.4784977466132,50,118,h1_router_fb_cortex_striatum,9.26259048525319,0.853728813559322
2900,overall,6,2700.847656,2739.902344,2723.813477,10.464040929258061,24.255439825973095,491.80992367512886,47,118,h1_router_fb_cortex_striatum,8.93345324757167,0.853728813559322
2900,overall,16,3101.227539,3140.674805,3120.610352,8.955061980412065,14.042835574888725,465.66322298142734,52,118,h1_router_fb_cortex_striatum,7.645194439887384,0.853728813559322
2900,overall,7,2740.74707,2780.279297,2763.501953,8.520315441959669,13.966569185784083,408.97514121406414,48,118,h1_router_fb_cortex_striatum,7.274038793415398,0.853728813559322
2900,overall,8,2781.117188,2820.28125,2781.117188,7.321653679847721,12.560528053504518,351.4393766326906,48,118,h1_router_fb_cortex_striatum,6.250706709388639,0.853728813559322
2900,overall,1,2501.051758,2540.145508,2536.605469,6.757152865095281,9.85424885967437,304.07187892928766,45,118,h1_router_fb_cortex_striatum,5.768776098556767,0.853728813559322
2900,overall,10,2860.736328,2899.999023,2881.230469,6.7068592431662974,15.03790097445154,328.63610291514857,49,118,h1_router_fb_cortex_striatum,5.725838984377735,0.853728813559322
2900,overall,5,2661.4375,2699.995117,2675.186523,6.336395033479817,11.116874662293595,291.47417154007155,46,118,h1_router_fb_cortex_striatum,5.409563014175904,0.853728813559322
2900,overall,2,2541.030273,2580.655273,2564.847656,6.2987835591898085,12.309254385791913,289.7440437227312,46,118,h1_router_fb_cortex_striatum,5.377453014854078,0.853728813559322
2900,overall,20,3261.345703,3284.467773,3265.083984,6.085594232948083,10.57853212843132,194.73901545433867,32,118,h1_router_fb_cortex_striatum,5.195447144298219,0.853728813559322
2900,overall,17,3141.444336,3180.522461,3146.060547,6.0707181690271845,14.298688284747161,315.6773447894136,52,118,h1_router_fb_cortex_striatum,5.182747019896597,0.853728813559322
2900,overall,15,3061.413086,3100.450195,3093.450195,5.73189487081012,17.069333896648786,292.3266384113161,51,118,h1_router_fb_cortex_striatum,4.893483807503486,0.853728813559322
2900,overall,14,3021.227539,3060.628906,3021.227539,5.140712886013852,6.5845869243996775,262.17635718670647,51,118,h1_router_fb_cortex_striatum,4.3887747130257235,0.853728813559322
2900,overall,12,2941.326172,2980.663086,2960.638672,5.117444836804188,8.922956997003064,255.87224184020937,50,118,h1_router_fb_cortex_striatum,4.368910108980117,0.853728813559322
2900,overall,9,2821.111328,2859.914063,2846.744141,4.969221216461349,13.086049526406805,238.52261839014477,48,118,h1_router_fb_cortex_striatum,4.242367333443358,0.853728813559322
2900,overall,13,2981.461914,3020.435547,3016.474609,4.941703689407877,9.67729892136214,247.08518447039384,50,118,h1_router_fb_cortex_striatum,4.218874827719911,0.853728813559322
2900,overall,4,2620.798828,2660.577148,2657.132813,4.8312526985372335,10.580301351097406,227.06887683124998,47,118,h1_router_fb_cortex_striatum,4.124579634327465,0.853728813559322
2900,overall,0,2460.719727,2500.15918,2494.800781,3.7936447101815425,7.847180376886387,170.7140119581694,45,118,h1_router_fb_cortex_striatum,3.238743797488886,0.853728813559322
1500,overall,13,1451.255859,1489.476563,1478.887695,18.867438743269606,31.433806523612414,698.0952335009754,37,118,h1_router_fb_cortex_striatum,2.75976265007486,0.146271186440678
2900,overall,19,3220.75293,3260.597656,3238.84375,2.20775890819237,4.177759874220904,119.21898104238797,54,118,h1_router_fb_cortex_striatum,1.884827393316096,0.853728813559322
2900,overall,3,2581.532227,2619.929688,2583.285156,1.929727389919245,4.6190634973678115,86.83773254636603,45,118,h1_router_fb_cortex_striatum,1.647463875088684,0.853728813559322
2900,overall,18,3181.285156,3219.99707,3219.99707,1.7772937190663074,3.716780459879948,92.41927339144799,52,118,h1_router_fb_cortex_striatum,1.5173268581249135,0.853728813559322
1500,overall,12,1410.613281,1450.19043,1440.59082,8.905147376612762,23.676286354517558,338.39560031128497,38,118,h1_router_fb_cortex_striatum,1.3025664722062398,0.146271186440678
1500,overall,14,1490.535156,1529.526367,1490.535156,6.729983587990103,23.455965876769152,255.73937634362392,38,118,h1_router_fb_cortex_striatum,0.9844026841416034,0.146271186440678
1500,overall,9,1291.183594,1329.474609,1291.183594,5.9681559145979675,21.549284010324183,214.85361292552682,36,118,h1_router_fb_cortex_striatum,0.8729692464911943,0.146271186440678
1500,overall,8,1250.40332,1290.084961,1290.084961,5.475016287964314,20.73668980262372,202.5756026546796,37,118,h1_router_fb_cortex_striatum,0.8008371282225769,0.146271186440678
1500,overall,4,1090.962891,1129.568359,1127.304688,5.420698642432527,15.283553786488257,189.72445248513847,35,118,h1_router_fb_cortex_striatum,0.7928920217659783,0.146271186440678
1500,overall,18,1650.983398,1689.845703,1682.708008,4.621857455639834,9.453189634690515,180.25244076995352,39,118,h1_router_fb_cortex_striatum,0.6760445735961317,0.146271186440678
1500,overall,2,1010.616211,1049.787109,1012.928711,4.503264443541804,15.55122170446115,157.61425552396312,35,118,h1_router_fb_cortex_striatum,0.6586978330129792,0.146271186440678
1500,overall,23,1850.436523,1889.833984,1880.012695,4.180947402940352,8.435993975301868,171.41884352055442,41,118,h1_router_fb_cortex_striatum,0.6115521370741567,0.146271186440678
1500,overall,11,1370.739258,1409.539063,1395.560547,4.052917474535711,10.797537979111889,149.95794655782132,37,118,h1_router_fb_cortex_striatum,0.5928250475464948,0.146271186440678
1500,overall,19,1690.864258,1729.438477,1710.186523,3.9906659689549566,8.361453712966457,155.6359727892433,39,118,h1_router_fb_cortex_striatum,0.5837194459674794,0.146271186440678
1500,overall,1,971.169922,1009.459961,976.988281,3.598805296094003,7.0869893048348125,122.3593800671961,34,118,h1_router_fb_cortex_striatum,0.5264015204286653,0.146271186440678
1500,overall,26,1970.641602,1997.616211,1971.607422,3.2380500990872982,8.220665198801969,93.90345287353165,29,118,h1_router_fb_cortex_striatum,0.47363342974785405,0.146271186440678
1500,overall,15,1530.576172,1569.277344,1537.918945,3.1131484701768475,11.342291351378375,118.29964186672021,38,118,h1_router_fb_cortex_striatum,0.4553639202987491,0.146271186440678
1500,overall,3,1050.935547,1089.823242,1060.110352,3.0945214105125194,10.108492133810358,108.30824936793817,35,118,h1_router_fb_cortex_striatum,0.4526393181817466,0.146271186440678
1500,overall,0,930.273438,970.004883,941.988281,3.0253142610090706,8.163714026085497,105.88599913531748,35,118,h1_router_fb_cortex_striatum,0.44251630631369976,0.146271186440678
1500,overall,22,1810.742188,1849.448242,1822.681641,2.8913366996671925,11.433538400948,115.6534679866877,40,118,h1_router_fb_cortex_striatum,0.42291924945979453,0.146271186440678
1500,overall,25,1930.882813,1969.675781,1956.131836,2.6990951593154144,9.167124546145986,110.662901531932,41,118,h1_router_fb_cortex_striatum,0.39479985126935646,0.146271186440678
1500,overall,21,1770.74707,1809.746094,1800.771484,2.667215990317829,7.6991428783234115,106.68863961271316,40,118,h1_router_fb_cortex_striatum,0.3901368473973368,0.146271186440678
1500,overall,5,1130.699219,1170.147461,1130.699219,2.6542515164680123,14.278568737586069,95.55305459284844,36,118,h1_router_fb_cortex_striatum,0.3882405184257449,0.146271186440678
1500,overall,17,1610.803711,1649.957031,1620.102539,2.3639010646237333,7.496397780356415,92.19214152032559,39,118,h1_router_fb_cortex_striatum,0.34577061335089526,0.146271186440678
1500,overall,16,1570.319336,1609.769531,1604.594727,2.2932795892944218,5.178324626308082,89.43790398248245,39,118,h1_router_fb_cortex_striatum,0.3354407263662858,0.146271186440678
1500,overall,20,1730.450195,1769.743164,1735.503906,2.0719371767943238,6.847609675089137,82.87748707177295,40,118,h1_router_fb_cortex_striatum,0.3030647090802545,0.146271186440678
1500,overall,7,1210.425781,1249.296875,1228.230469,2.0512738117523543,4.417344243557086,73.84585722308476,36,118,h1_router_fb_cortex_striatum,0.3000422541597088,0.146271186440678
1500,overall,10,1330.564453,1369.657227,1353.40332,1.9819462585783227,6.1808639306087425,73.33201156739794,37,118,h1_router_fb_cortex_striatum,0.28990163070391406,0.146271186440678
1500,overall,24,1890.81543,1929.90918,1902.574219,1.342094726705724,5.5209045803978505,55.02588379493468,41,118,h1_router_fb_cortex_striatum,0.19630978799102372,0.146271186440678
1500,overall,6,1171.270508,1209.310547,1207.080078,1.2452832725396668,5.855233855082489,43.584914538888334,35,118,h1_router_fb_cortex_striatum,0.18214906172910722,0.146271186440678
2900,overall,11,2900.8125,2940.519531,2913.818359,10.849569954932266,14.605324846748845,542.4784977466132,50,118,new_primary_top3_top4_a007,10.090100058087007,0.9299999999999999
2900,overall,6,2700.847656,2739.902344,2723.813477,10.464040929258061,24.255439825973095,491.80992367512886,47,118,new_primary_top3_top4_a007,9.731558064209997,0.9299999999999999
2900,overall,16,3101.227539,3140.674805,3120.610352,8.955061980412065,14.042835574888725,465.66322298142734,52,118,new_primary_top3_top4_a007,8.32820764178322,0.9299999999999999
2900,overall,7,2740.74707,2780.279297,2763.501953,8.520315441959669,13.966569185784083,408.97514121406414,48,118,new_primary_top3_top4_a007,7.9238933610224915,0.9299999999999999
2900,overall,8,2781.117188,2820.28125,2781.117188,7.321653679847721,12.560528053504518,351.4393766326906,48,118,new_primary_top3_top4_a007,6.80913792225838,0.9299999999999999
2900,overall,1,2501.051758,2540.145508,2536.605469,6.757152865095281,9.85424885967437,304.07187892928766,45,118,new_primary_top3_top4_a007,6.284152164538611,0.9299999999999999
2900,overall,10,2860.736328,2899.999023,2881.230469,6.7068592431662974,15.03790097445154,328.63610291514857,49,118,new_primary_top3_top4_a007,6.2373790961446565,0.9299999999999999
2900,overall,5,2661.4375,2699.995117,2675.186523,6.336395033479817,11.116874662293595,291.47417154007155,46,118,new_primary_top3_top4_a007,5.892847381136229,0.9299999999999999
2900,overall,2,2541.030273,2580.655273,2564.847656,6.2987835591898085,12.309254385791913,289.7440437227312,46,118,new_primary_top3_top4_a007,5.857868710046522,0.9299999999999999
2900,overall,20,3261.345703,3284.467773,3265.083984,6.085594232948083,10.57853212843132,194.73901545433867,32,118,new_primary_top3_top4_a007,5.659602636641718,0.9299999999999999
2900,overall,17,3141.444336,3180.522461,3146.060547,6.0707181690271845,14.298688284747161,315.6773447894136,52,118,new_primary_top3_top4_a007,5.645767897195281,0.9299999999999999
2900,overall,15,3061.413086,3100.450195,3093.450195,5.73189487081012,17.069333896648786,292.3266384113161,51,118,new_primary_top3_top4_a007,5.330662229853411,0.9299999999999999
2900,overall,14,3021.227539,3060.628906,3021.227539,5.140712886013852,6.5845869243996775,262.17635718670647,51,118,new_primary_top3_top4_a007,4.780862983992883,0.9299999999999999
2900,overall,12,2941.326172,2980.663086,2960.638672,5.117444836804188,8.922956997003064,255.87224184020937,50,118,new_primary_top3_top4_a007,4.759223698227895,0.9299999999999999
2900,overall,9,2821.111328,2859.914063,2846.744141,4.969221216461349,13.086049526406805,238.52261839014477,48,118,new_primary_top3_top4_a007,4.621375731309055,0.9299999999999999
2900,overall,13,2981.461914,3020.435547,3016.474609,4.941703689407877,9.67729892136214,247.08518447039384,50,118,new_primary_top3_top4_a007,4.595784431149325,0.9299999999999999
2900,overall,4,2620.798828,2660.577148,2657.132813,4.8312526985372335,10.580301351097406,227.06887683124998,47,118,new_primary_top3_top4_a007,4.4930650096396265,0.9299999999999999
2900,overall,0,2460.719727,2500.15918,2494.800781,3.7936447101815425,7.847180376886387,170.7140119581694,45,118,new_primary_top3_top4_a007,3.5280895804688344,0.9299999999999999
2900,overall,19,3220.75293,3260.597656,3238.84375,2.20775890819237,4.177759874220904,119.21898104238797,54,118,new_primary_top3_top4_a007,2.053215784618904,0.9299999999999999
2900,overall,3,2581.532227,2619.929688,2583.285156,1.929727389919245,4.6190634973678115,86.83773254636603,45,118,new_primary_top3_top4_a007,1.7946464726248978,0.9299999999999999
2900,overall,18,3181.285156,3219.99707,3219.99707,1.7772937190663074,3.716780459879948,92.41927339144799,52,118,new_primary_top3_top4_a007,1.6528831587316657,0.9299999999999999
1500,overall,13,1451.255859,1489.476563,1478.887695,18.867438743269606,31.433806523612414,698.0952335009754,37,118,new_primary_top3_top4_a007,1.3207207120288724,0.07
1500,overall,12,1410.613281,1450.19043,1440.59082,8.905147376612762,23.676286354517558,338.39560031128497,38,118,new_primary_top3_top4_a007,0.6233603163628934,0.07
1500,overall,14,1490.535156,1529.526367,1490.535156,6.729983587990103,23.455965876769152,255.73937634362392,38,118,new_primary_top3_top4_a007,0.4710988511593072,0.07
1500,overall,9,1291.183594,1329.474609,1291.183594,5.9681559145979675,21.549284010324183,214.85361292552682,36,118,new_primary_top3_top4_a007,0.4177709140218578,0.07
1500,overall,8,1250.40332,1290.084961,1290.084961,5.475016287964314,20.73668980262372,202.5756026546796,37,118,new_primary_top3_top4_a007,0.383251140157502,0.07
1500,overall,4,1090.962891,1129.568359,1127.304688,5.420698642432527,15.283553786488257,189.72445248513847,35,118,new_primary_top3_top4_a007,0.37944890497027695,0.07
1500,overall,18,1650.983398,1689.845703,1682.708008,4.621857455639834,9.453189634690515,180.25244076995352,39,118,new_primary_top3_top4_a007,0.3235300218947884,0.07
1500,overall,2,1010.616211,1049.787109,1012.928711,4.503264443541804,15.55122170446115,157.61425552396312,35,118,new_primary_top3_top4_a007,0.3152285110479263,0.07
1500,overall,23,1850.436523,1889.833984,1880.012695,4.180947402940352,8.435993975301868,171.41884352055442,41,118,new_primary_top3_top4_a007,0.29266631820582467,0.07
1500,overall,11,1370.739258,1409.539063,1395.560547,4.052917474535711,10.797537979111889,149.95794655782132,37,118,new_primary_top3_top4_a007,0.2837042232174998,0.07
1500,overall,19,1690.864258,1729.438477,1710.186523,3.9906659689549566,8.361453712966457,155.6359727892433,39,118,new_primary_top3_top4_a007,0.279346617826847,0.07
1500,overall,1,971.169922,1009.459961,976.988281,3.598805296094003,7.0869893048348125,122.3593800671961,34,118,new_primary_top3_top4_a007,0.25191637072658024,0.07
1500,overall,26,1970.641602,1997.616211,1971.607422,3.2380500990872982,8.220665198801969,93.90345287353165,29,118,new_primary_top3_top4_a007,0.2266635069361109,0.07
1500,overall,15,1530.576172,1569.277344,1537.918945,3.1131484701768475,11.342291351378375,118.29964186672021,38,118,new_primary_top3_top4_a007,0.21792039291237936,0.07
1500,overall,3,1050.935547,1089.823242,1060.110352,3.0945214105125194,10.108492133810358,108.30824936793817,35,118,new_primary_top3_top4_a007,0.21661649873587638,0.07
1500,overall,0,930.273438,970.004883,941.988281,3.0253142610090706,8.163714026085497,105.88599913531748,35,118,new_primary_top3_top4_a007,0.21177199827063498,0.07
1500,overall,22,1810.742188,1849.448242,1822.681641,2.8913366996671925,11.433538400948,115.6534679866877,40,118,new_primary_top3_top4_a007,0.2023935689767035,0.07
1500,overall,25,1930.882813,1969.675781,1956.131836,2.6990951593154144,9.167124546145986,110.662901531932,41,118,new_primary_top3_top4_a007,0.18893666115207902,0.07
1500,overall,21,1770.74707,1809.746094,1800.771484,2.667215990317829,7.6991428783234115,106.68863961271316,40,118,new_primary_top3_top4_a007,0.18670511932224806,0.07
1500,overall,5,1130.699219,1170.147461,1130.699219,2.6542515164680123,14.278568737586069,95.55305459284844,36,118,new_primary_top3_top4_a007,0.18579760615276086,0.07
1500,overall,17,1610.803711,1649.957031,1620.102539,2.3639010646237333,7.496397780356415,92.19214152032559,39,118,new_primary_top3_top4_a007,0.16547307452366133,0.07
1500,overall,16,1570.319336,1609.769531,1604.594727,2.2932795892944218,5.178324626308082,89.43790398248245,39,118,new_primary_top3_top4_a007,0.16052957125060954,0.07
1500,overall,20,1730.450195,1769.743164,1735.503906,2.0719371767943238,6.847609675089137,82.87748707177295,40,118,new_primary_top3_top4_a007,0.14503560237560267,0.07
1500,overall,7,1210.425781,1249.296875,1228.230469,2.0512738117523543,4.417344243557086,73.84585722308476,36,118,new_primary_top3_top4_a007,0.14358916682266482,0.07
1500,overall,10,1330.564453,1369.657227,1353.40332,1.9819462585783227,6.1808639306087425,73.33201156739794,37,118,new_primary_top3_top4_a007,0.1387362381004826,0.07
1500,overall,24,1890.81543,1929.90918,1902.574219,1.342094726705724,5.5209045803978505,55.02588379493468,41,118,new_primary_top3_top4_a007,0.09394663086940068,0.07
1500,overall,6,1171.270508,1209.310547,1207.080078,1.2452832725396668,5.855233855082489,43.584914538888334,35,118,new_primary_top3_top4_a007,0.08716982907777668,0.07
