center,region,wn,score_f,n_samples
1500,overall,930.273438,0.498204534295977,118
1500,overall,931.446289,0.4235905864278525,118
1500,overall,932.618164,2.2244460181779178,118
1500,overall,933.790039,2.4775302700677555,118
1500,overall,934.961914,2.4061400053648265,118
1500,overall,936.133789,2.4647482204024276,118
1500,overall,937.305664,2.4816157447661693,118
1500,overall,938.476563,3.7042499085755205,118
1500,overall,939.647461,7.167246222518714,118
1500,overall,940.817383,6.846349550757616,118
1500,overall,941.988281,8.163714026085497,118
1500,overall,943.158203,7.108687052372666,118
1500,overall,944.328125,6.557065876771224,118
1500,overall,945.498047,6.345463827795367,118
1500,overall,946.666992,2.8099022581296556,118
1500,overall,947.835938,2.99074072523069,118
1500,overall,949.004883,1.4089184069961653,118
1500,overall,950.173828,0.8432192249437251,118
1500,overall,951.342773,0.7653739084236238,118
1500,overall,952.510742,0.6686399753644527,118
1500,overall,953.678711,0.7064109288730036,118
1500,overall,954.84668,1.1273181325672192,118
1500,overall,956.013672,2.423662074836749,118
1500,overall,957.181641,3.7865357569772615,118
1500,overall,958.348633,4.821060907947728,118
1500,overall,959.514648,3.7182443461678236,118
1500,overall,960.681641,4.420618840341633,118
1500,overall,961.847656,4.536556304579646,118
1500,overall,963.013672,4.105862581867036,118
1500,overall,964.179688,2.272455165842741,118
1500,overall,965.345703,1.0749322173254292,118
1500,overall,966.510742,1.044420712198562,118
1500,overall,967.675781,0.9285062855560186,118
1500,overall,968.84082,1.0956380517353286,118
1500,overall,970.004883,1.467930485033436,118
1500,overall,971.169922,3.4813153684536458,118
1500,overall,972.333984,6.132904877592934,118
1500,overall,973.498047,5.227540096371975,118
1500,overall,974.661133,4.772108829252079,118
1500,overall,975.825195,4.513611055435932,118
1500,overall,976.988281,7.0869893048348125,118
1500,overall,978.151367,3.387511428014114,118
1500,overall,979.313477,2.2548334755222585,118
1500,overall,980.476563,2.045518399125899,118
1500,overall,981.638672,1.9160525055343243,118
1500,overall,982.800781,6.1807488107499555,118
1500,overall,983.961914,3.764480445384052,118
1500,overall,985.124023,5.120429911747799,118
1500,overall,986.285156,5.3038872264449,118
1500,overall,987.446289,4.223698803391426,118
1500,overall,988.606445,1.1470871085785974,118
1500,overall,989.767578,0.9873747237240028,118
1500,overall,990.927734,3.733130563201615,118
1500,overall,992.087891,3.356328183215826,118
1500,overall,993.248047,2.3613793268917673,118
1500,overall,994.407227,1.1627750647563586,118
1500,overall,995.566406,0.7358011141522549,118
1500,overall,996.725586,0.5075978949272685,118
1500,overall,997.884766,4.123121979700168,118
1500,overall,999.042969,6.4652331535224015,118
1500,overall,1000.202148,5.133415966141209,118
1500,overall,1001.360352,4.377729312925361,118
1500,overall,1002.517578,3.7089751987803545,118
1500,overall,1003.675781,3.0793926056764604,118
1500,overall,1004.833008,2.931222537356028,118
1500,overall,1005.990234,3.1120388038248534,118
1500,overall,1007.147461,3.7466015631070766,118
1500,overall,1008.303711,4.02717074089083,118
1500,overall,1009.459961,2.2513736879675537,118
1500,overall,1010.616211,2.6585604547621817,118
1500,overall,1011.772461,13.950480784825885,118
1500,overall,1012.928711,15.55122170446115,118
1500,overall,1014.083984,15.2391786326825,118
1500,overall,1015.239258,13.944210239879874,118
1500,overall,1016.394531,6.655467444443279,118
1500,overall,1017.548828,4.5463619735251894,118
1500,overall,1018.704102,5.425292714062132,118
1500,overall,1019.858398,1.8878787583232763,118
1500,overall,1021.012695,1.5785267497575768,118
1500,overall,1022.166016,1.7748491572435825,118
1500,overall,1023.319336,1.5160126949849368,118
1500,overall,1024.473633,0.7879188143845548,118
1500,overall,1025.625977,0.2938693324604642,118
1500,overall,1026.779297,1.2835399149582911,118
1500,overall,1027.931641,2.8821383971379473,118
1500,overall,1029.083984,3.089471997841798,118
1500,overall,1030.236328,4.482875950304683,118
1500,overall,1031.388672,5.069407780994131,118
1500,overall,1032.540039,5.071179736329829,118
1500,overall,1033.691406,5.606993285173894,118
1500,overall,1034.842773,6.78666622027117,118
1500,overall,1035.994141,11.405544129579146,118
1500,overall,1037.144531,3.9404194005605824,118
1500,overall,1038.294922,3.5650072802994774,118
1500,overall,1039.445313,3.2837140411027965,118
1500,overall,1040.595703,3.1589880148228797,118
1500,overall,1041.745117,4.370016730822887,118
1500,overall,1042.895508,2.8559778137338334,118
1500,overall,1044.043945,1.6916909372433384,118
1500,overall,1045.193359,1.2569268562320086,118
1500,overall,1046.342773,1.0731702101983849,118
1500,overall,1047.491211,0.5415747712461695,118
1500,overall,1048.639648,0.25993236776883183,118
1500,overall,1049.787109,0.12919023154443132,118
1500,overall,1050.935547,0.026901713080566332,118
1500,overall,1052.083008,0.34309857644613795,118
1500,overall,1053.230469,0.8954828871733062,118
1500,overall,1054.37793,2.4035822678893535,118
1500,overall,1055.524414,4.8970943079532905,118
1500,overall,1056.670898,7.3633061700941305,118
1500,overall,1057.817383,8.84018322782181,118
1500,overall,1058.963867,9.967710320174957,118
1500,overall,1060.110352,10.108492133810358,118
1500,overall,1061.255859,9.644501981933022,118
1500,overall,1062.401367,8.363939880480261,118
1500,overall,1063.546875,6.975275991024379,118
1500,overall,1064.691406,4.832397252161662,118
1500,overall,1065.836914,2.6564058035840756,118
1500,overall,1066.981445,1.2280641872516413,118
1500,overall,1068.125977,0.8659495343851166,118
1500,overall,1069.269531,1.3930959897290986,118
1500,overall,1070.413086,1.4134709383040385,118
1500,overall,1071.556641,1.4404120924104884,118
1500,overall,1072.700195,1.6070555100763206,118
1500,overall,1073.84375,1.4182800659535535,118
1500,overall,1074.986328,1.2269910665505581,118
1500,overall,1076.128906,1.2659649368223085,118
1500,overall,1077.271484,1.445688853046654,118
1500,overall,1078.414063,1.7318703117254788,118
1500,overall,1079.555664,2.1988853190993254,118
1500,overall,1080.697266,1.9038343115868972,118
1500,overall,1081.838867,1.4894572596227746,118
1500,overall,1082.980469,1.0261846154304257,118
1500,overall,1084.121094,1.2500370790549509,118
1500,overall,1085.261719,1.9031456032454839,118
1500,overall,1086.402344,2.082326571787169,118
1500,overall,1087.542969,1.6145753487095946,118
1500,overall,1088.682617,1.241885349135928,118
1500,overall,1089.823242,1.2427019103830668,118
1500,overall,1090.962891,1.067083129359215,118
1500,overall,1092.101563,0.7116509440576683,118
1500,overall,1093.241211,0.7313698194859909,118
1500,overall,1094.379883,0.9503296888809735,118
1500,overall,1095.518555,1.0962612892962593,118
1500,overall,1096.657227,2.2242269678045634,118
1500,overall,1097.794922,3.261649811862156,118
1500,overall,1098.932617,4.534167005395418,118
1500,overall,1100.070313,6.712596015643282,118
1500,overall,1101.208008,6.658119258106799,118
1500,overall,1102.345703,4.857270384015423,118
1500,overall,1103.482422,2.749676471855585,118
1500,overall,1104.619141,1.8958707761373303,118
1500,overall,1105.755859,1.9040869132881888,118
1500,overall,1106.891602,2.1138492548236987,118
1500,overall,1108.02832,2.7481491145010875,118
1500,overall,1109.164063,2.887131771452722,118
1500,overall,1110.299805,3.556139378817425,118
1500,overall,1111.43457,3.868331494163803,118
1500,overall,1112.569336,3.61315628614317,118
1500,overall,1113.705078,3.554537868981031,118
1500,overall,1114.838867,3.2157692612037967,118
1500,overall,1115.973633,3.2478800456454096,118
1500,overall,1117.107422,3.338012284823785,118
1500,overall,1118.242188,3.4040190034073454,118
1500,overall,1119.375,4.287019889538413,118
1500,overall,1120.508789,5.474688667687074,118
1500,overall,1121.641602,7.240127695230964,118
1500,overall,1122.775391,9.873195700991182,118
1500,overall,1123.908203,12.811235640271713,118
1500,overall,1125.040039,14.978958682990257,118
1500,overall,1126.172852,15.010701567197799,118
1500,overall,1127.304688,15.283553786488257,118
1500,overall,1128.436523,15.063440489893608,118
1500,overall,1129.568359,14.800196125697115,118
1500,overall,1130.699219,14.278568737586069,118
1500,overall,1131.830078,12.541329482238291,118
1500,overall,1132.960938,9.386198132739475,118
1500,overall,1134.091797,5.845520901345635,118
1500,overall,1135.222656,2.8010117059434134,118
1500,overall,1136.352539,1.350171909619042,118
1500,overall,1137.482422,1.2067700907771441,118
1500,overall,1138.612305,1.851977504806726,118
1500,overall,1139.741211,2.5451305460035822,118
1500,overall,1140.871094,2.834176026116663,118
1500,overall,1142.0,2.7328718733983846,118
1500,overall,1143.12793,2.4546767110538217,118
1500,overall,1144.256836,2.3467963967755514,118
1500,overall,1145.384766,2.2530819884333284,118
1500,overall,1146.513672,2.1728831663811348,118
1500,overall,1147.640625,2.2164203244306395,118
1500,overall,1148.768555,2.2421578364178845,118
1500,overall,1149.895508,2.2104769205613817,118
1500,overall,1151.023438,2.122403589123288,118
1500,overall,1152.149414,2.0781142745392747,118
1500,overall,1153.276367,1.9280546326876506,118
1500,overall,1154.40332,1.8612475542636322,118
1500,overall,1155.529297,1.741480154644212,118
1500,overall,1156.655273,1.6856014912286714,118
1500,overall,1157.780273,1.652076768599638,118
1500,overall,1158.90625,1.6621963418859713,118
1500,overall,1160.03125,1.5367650402170956,118
1500,overall,1161.15625,1.3173225007249256,118
1500,overall,1162.28125,1.186954923079471,118
1500,overall,1163.405273,0.9660904305021252,118
1500,overall,1164.530273,0.6303052298692171,118
1500,overall,1165.654297,0.3017731970575403,118
1500,overall,1166.777344,0.04159467353764921,118
1500,overall,1167.901367,0.08160646752146841,118
1500,overall,1169.024414,0.4452497430249462,118
1500,overall,1170.147461,1.0439973257135113,118
1500,overall,1171.270508,1.523939284999434,118
1500,overall,1172.393555,1.5887862366251762,118
1500,overall,1173.515625,1.1096336631541999,118
1500,overall,1174.637695,0.5458151289587929,118
1500,overall,1175.759766,0.07114392958028885,118
1500,overall,1176.881836,0.056255927079241944,118
1500,overall,1178.00293,0.2682827137986412,118
1500,overall,1179.124023,0.4875558620721397,118
1500,overall,1180.245117,0.528467917052368,118
1500,overall,1181.366211,0.7029973010196283,118
1500,overall,1182.487305,0.7881323101465876,118
1500,overall,1183.607422,0.5364651548355844,118
1500,overall,1184.727539,0.3628035510709376,118
1500,overall,1185.84668,0.4586333458374963,118
1500,overall,1186.966797,0.6131815422451455,118
1500,overall,1188.085938,0.5296717037566473,118
1500,overall,1189.205078,0.6890959559120594,118
1500,overall,1190.324219,0.330855038684166,118
1500,overall,1191.443359,0.370664121509737,118
1500,overall,1192.561523,1.3189841594663496,118
1500,overall,1193.679688,1.2717877616861955,118
1500,overall,1194.797852,1.0758115570899025,118
1500,overall,1195.915039,1.1108367885215145,118
1500,overall,1197.033203,1.2136445996929404,118
1500,overall,1198.150391,1.2969426169185214,118
1500,overall,1199.267578,1.258192822383328,118
1500,overall,1200.383789,1.5644605761038763,118
1500,overall,1201.500977,1.505279876425731,118
1500,overall,1202.617188,1.4440283376043264,118
1500,overall,1203.733398,1.5838044628048367,118
1500,overall,1204.849609,1.7961365971320191,118
1500,overall,1205.964844,3.40851706802039,118
1500,overall,1207.080078,5.855233855082489,118
1500,overall,1208.195313,3.7114417853974713,118
1500,overall,1209.310547,2.60743098622017,118
1500,overall,1210.425781,3.044965827615729,118
1500,overall,1211.540039,3.733187882230464,118
1500,overall,1212.654297,3.225901463806697,118
1500,overall,1213.768555,2.6006561215736683,118
1500,overall,1214.881836,2.3029210417211057,118
1500,overall,1215.996094,1.956776915788013,118
1500,overall,1217.109375,2.361782754644675,118
1500,overall,1218.222656,2.5005763040377413,118
1500,overall,1219.334961,2.480058316522077,118
1500,overall,1220.448242,2.297914549009781,118
1500,overall,1221.560547,2.4911152338065463,118
1500,overall,1222.672852,2.7685509925063387,118
1500,overall,1223.78418,3.378405435237689,118
1500,overall,1224.896484,3.489073551365541,118
1500,overall,1226.007813,3.7382994881311906,118
1500,overall,1227.119141,4.068219112686592,118
1500,overall,1228.230469,4.417344243557086,118
1500,overall,1229.34082,4.170995892534186,118
1500,overall,1230.451172,3.7897673560353593,118
1500,overall,1231.561523,1.4656252425232523,118
1500,overall,1232.671875,1.0647749852229227,118
1500,overall,1233.782227,1.133283104865717,118
1500,overall,1234.891602,1.1277081405308624,118
1500,overall,1236.000977,1.0023183595443068,118
1500,overall,1237.110352,1.2266409333290134,118
1500,overall,1238.219727,1.0051949162751608,118
1500,overall,1239.328125,0.11649261890955875,118
1500,overall,1240.436523,0.34629426812670155,118
1500,overall,1241.544922,0.0681161101129898,118
1500,overall,1242.65332,0.5378629659929819,118
1500,overall,1243.760742,0.06699895930772555,118
1500,overall,1244.868164,0.18845115751278424,118
1500,overall,1245.975586,0.3499464273677483,118
1500,overall,1247.083008,0.582938692103597,118
1500,overall,1248.19043,0.7875650328403783,118
1500,overall,1249.296875,3.9591328257085756,118
1500,overall,1250.40332,2.8681398315113054,118
1500,overall,1251.509766,2.935534237454826,118
1500,overall,1252.615234,3.2134239866608394,118
1500,overall,1253.72168,2.8606548870612065,118
1500,overall,1254.827148,3.3591204650343554,118
1500,overall,1255.932617,3.7517029061460843,118
1500,overall,1257.037109,4.069491015410412,118
1500,overall,1258.142578,4.314733273065262,118
1500,overall,1259.24707,4.40566154534724,118
1500,overall,1260.351563,4.747858415267341,118
1500,overall,1261.456055,4.626850343342091,118
1500,overall,1262.55957,4.393329699680717,118
1500,overall,1263.663086,4.548877858160542,118
1500,overall,1264.766602,5.265706150554933,118
1500,overall,1265.870117,5.45780242033869,118
1500,overall,1266.973633,5.468898647817165,118
1500,overall,1268.076172,5.170906544336533,118
1500,overall,1269.178711,4.9484228197009905,118
1500,overall,1270.28125,4.498358030841,118
1500,overall,1271.382813,3.687927543374182,118
1500,overall,1272.485352,3.2766035450274793,118
1500,overall,1273.586914,3.5620306219988422,118
1500,overall,1274.688477,3.7084803554532013,118
1500,overall,1275.790039,4.359205540886171,118
1500,overall,1276.890625,4.987253468837315,118
1500,overall,1277.991211,5.324082032776493,118
1500,overall,1279.091797,5.660301667181438,118
1500,overall,1280.192383,5.701297492131859,118
1500,overall,1281.291992,5.399457951949881,118
1500,overall,1282.392578,4.436196507711764,118
1500,overall,1283.492188,6.859625262729963,118
1500,overall,1284.591797,6.643135770040025,118
1500,overall,1285.69043,5.724815963583947,118
1500,overall,1286.790039,5.024479555073709,118
1500,overall,1287.888672,8.825903925153355,118
1500,overall,1288.987305,17.752642570414768,118
1500,overall,1290.084961,20.73668980262372,118
1500,overall,1291.183594,21.549284010324183,118
1500,overall,1292.28125,20.520492676113903,118
1500,overall,1293.378906,19.114653460458744,118
1500,overall,1294.476563,17.830376186393746,118
1500,overall,1295.573242,15.157511222207043,118
1500,overall,1296.669922,10.958232851037062,118
1500,overall,1297.766602,6.215875644643229,118
1500,overall,1298.863281,3.401788370380059,118
1500,overall,1299.959961,3.867293809141638,118
1500,overall,1301.055664,6.94964120357465,118
1500,overall,1302.151367,8.830420503236766,118
1500,overall,1303.24707,9.02835010583889,118
1500,overall,1304.342773,8.039910756188004,118
1500,overall,1305.4375,7.260457041602084,118
1500,overall,1306.533203,6.476715350499531,118
1500,overall,1307.62793,5.71634113310537,118
1500,overall,1308.72168,4.5059592743975925,118
1500,overall,1309.816406,3.617087671153935,118
1500,overall,1310.910156,2.8221219977068066,118
1500,overall,1312.003906,2.6155000602653793,118
1500,overall,1313.097656,2.2210152344491227,118
1500,overall,1314.191406,2.7388743019984294,118
1500,overall,1315.28418,2.919208011567131,118
1500,overall,1316.376953,2.8685510553569693,118
1500,overall,1317.469727,2.7886383482994184,118
1500,overall,1318.5625,2.41727311539627,118
1500,overall,1319.654297,2.261113785003796,118
1500,overall,1320.746094,1.6443215054199989,118
1500,overall,1321.837891,1.0998332881925221,118
1500,overall,1322.929688,0.915937896881961,118
1500,overall,1324.021484,0.7886793600762606,118
1500,overall,1325.112305,1.270879815205864,118
1500,overall,1326.203125,1.5244642711189575,118
1500,overall,1327.293945,1.8755518746691169,118
1500,overall,1328.384766,1.5175245466045517,118
1500,overall,1329.474609,1.5237331870178528,118
1500,overall,1330.564453,1.5333675315850492,118
1500,overall,1331.654297,1.581586489256202,118
1500,overall,1332.744141,1.5715695990828313,118
1500,overall,1333.833008,1.4625154618749865,118
1500,overall,1334.921875,1.9273987695013086,118
1500,overall,1336.011719,2.6052953362425284,118
1500,overall,1337.099609,2.9047973232752295,118
1500,overall,1338.188477,1.941754993268222,118
1500,overall,1339.276367,0.6526301114637153,118
1500,overall,1340.364258,0.47292223445779286,118
1500,overall,1341.452148,0.588284936905332,118
1500,overall,1342.540039,0.6209954167044297,118
1500,overall,1343.626953,2.3033274646964697,118
1500,overall,1344.714844,3.1827623104548124,118
1500,overall,1345.801758,3.2329177482333664,118
1500,overall,1346.887695,3.278080468915496,118
1500,overall,1347.974609,1.6547273487347407,118
1500,overall,1349.060547,1.4144069112699758,118
1500,overall,1350.146484,1.531802589900623,118
1500,overall,1351.232422,1.6413617773752232,118
1500,overall,1352.318359,2.268669469988209,118
1500,overall,1353.40332,6.1808639306087425,118
1500,overall,1354.488281,5.3501965462058845,118
1500,overall,1355.573242,3.211648815233089,118
1500,overall,1356.658203,2.47375101341712,118
1500,overall,1357.742188,2.1166441162298137,118
1500,overall,1358.827148,2.909972357791945,118
1500,overall,1359.911133,2.7787758831459923,118
1500,overall,1360.995117,2.3289130540899077,118
1500,overall,1362.078125,1.8145356384159916,118
1500,overall,1363.161133,1.1497794335529001,118
1500,overall,1364.245117,0.8907241386219704,118
1500,overall,1365.328125,0.8141706032283346,118
1500,overall,1366.410156,1.3093182558629834,118
1500,overall,1367.493164,0.4934535295956399,118
1500,overall,1368.575195,0.789773559791461,118
1500,overall,1369.657227,0.34831639841962475,118
1500,overall,1370.739258,0.7149050660671256,118
1500,overall,1371.820313,0.21859855048893853,118
1500,overall,1372.902344,0.8708918067770098,118
1500,overall,1373.983398,2.339697231099057,118
1500,overall,1375.064453,3.2474037014700143,118
1500,overall,1376.144531,3.3965966833511056,118
1500,overall,1377.225586,3.6323836082079812,118
1500,overall,1378.305664,3.2902320052219447,118
1500,overall,1379.385742,4.892004608730417,118
1500,overall,1380.46582,6.007460907530568,118
1500,overall,1381.544922,6.418262643149008,118
1500,overall,1382.625,6.923118708939793,118
1500,overall,1383.704102,6.278573821810329,118
1500,overall,1384.783203,4.176269042102818,118
1500,overall,1385.861328,3.6934382946965902,118
1500,overall,1386.94043,3.4903543602261045,118
1500,overall,1388.018555,4.116227022524489,118
1500,overall,1389.09668,5.852401005496816,118
1500,overall,1390.174805,7.711179205963346,118
1500,overall,1391.251953,4.993637692431912,118
1500,overall,1392.329102,3.5735747493406893,118
1500,overall,1393.407227,5.96190766503743,118
1500,overall,1394.483398,8.217600882056495,118
1500,overall,1395.560547,10.797537979111889,118
1500,overall,1396.636719,7.948145405864265,118
1500,overall,1397.713867,5.544332378579863,118
1500,overall,1398.790039,2.960873957642039,118
1500,overall,1399.865234,5.027303321562988,118
1500,overall,1400.941406,4.2668328978839405,118
1500,overall,1402.016602,5.038868019759355,118
1500,overall,1403.091797,2.3330564421496236,118
1500,overall,1404.166992,2.16349677526852,118
1500,overall,1405.242188,1.8193232963428145,118
1500,overall,1406.316406,0.4523241791294974,118
1500,overall,1407.390625,0.30541961174281435,118
1500,overall,1408.464844,0.45908198381382487,118
1500,overall,1409.539063,0.8246310462498715,118
1500,overall,1410.613281,1.6604757897856475,118
1500,overall,1411.686523,2.5494251468394933,118
1500,overall,1412.759766,4.189353351474721,118
1500,overall,1413.833008,5.375790281404854,118
1500,overall,1414.90625,5.271897653928994,118
1500,overall,1415.978516,5.177016015877506,118
1500,overall,1417.050781,4.552652311256823,118
1500,overall,1418.123047,4.044600452959409,118
1500,overall,1419.195313,3.1731356010129406,118
1500,overall,1420.266602,2.0388325519405974,118
1500,overall,1421.338867,1.355179606934082,118
1500,overall,1422.410156,1.146169387101247,118
1500,overall,1423.481445,1.0846678987750553,118
1500,overall,1424.551758,0.5333508355143187,118
1500,overall,1425.623047,0.25601119859801313,118
1500,overall,1426.693359,0.48143523100335,118
1500,overall,1427.763672,0.21154614926705526,118
1500,overall,1428.833984,0.7018429268256265,118
1500,overall,1429.90332,1.5842378401386779,118
1500,overall,1430.973633,2.149221622808859,118
1500,overall,1432.042969,1.8719081246345484,118
1500,overall,1433.112305,1.9836774102458938,118
1500,overall,1434.180664,2.935345377710535,118
1500,overall,1435.25,5.076996051704982,118
1500,overall,1436.318359,8.783879948856663,118
1500,overall,1437.386719,13.548666819649048,118
1500,overall,1438.455078,18.34212180487384,118
1500,overall,1439.523438,22.095582821424017,118
1500,overall,1440.59082,23.676286354517558,118
1500,overall,1441.658203,23.402418469023765,118
1500,overall,1442.725586,21.885473260150544,118
1500,overall,1443.792969,20.939419623194176,118
1500,overall,1444.859375,21.362076394495706,118
1500,overall,1445.925781,22.52198799468519,118
1500,overall,1446.992188,22.63148179036517,118
1500,overall,1448.058594,20.430845003517533,118
1500,overall,1449.125,19.620663420267626,118
1500,overall,1450.19043,19.74992778852084,118
1500,overall,1451.255859,17.865785788635016,118
1500,overall,1452.321289,17.256141498009384,118
1500,overall,1453.386719,14.887600772914974,118
1500,overall,1454.452148,12.19980807385101,118
1500,overall,1455.516602,10.436536856217966,118
1500,overall,1456.581055,11.686271748412379,118
1500,overall,1457.645508,13.840098636644603,118
1500,overall,1458.709961,17.08637592153933,118
1500,overall,1459.773438,19.16973303877526,118
1500,overall,1460.836914,21.748795886158806,118
1500,overall,1461.900391,23.0985469879351,118
1500,overall,1462.963867,24.829601718782232,118
1500,overall,1464.027344,24.042945784728595,118
1500,overall,1465.089844,24.55327086233391,118
1500,overall,1466.152344,25.726344601402825,118
1500,overall,1467.214844,26.613552602520535,118
1500,overall,1468.277344,27.043329675598716,118
1500,overall,1469.338867,25.052301595473445,118
1500,overall,1470.401367,26.886786331985853,118
1500,overall,1471.462891,28.076697244467628,118
1500,overall,1472.523438,30.42836399482217,118
1500,overall,1473.584961,28.286998152767904,118
1500,overall,1474.645508,26.176445517841202,118
1500,overall,1475.707031,21.89937695995064,118
1500,overall,1476.767578,21.430276431554287,118
1500,overall,1477.827148,29.1297083100427,118
1500,overall,1478.887695,31.433806523612414,118
1500,overall,1479.947266,11.663416603105627,118
1500,overall,1481.006836,5.446825167238052,118
1500,overall,1482.066406,5.1186497526789765,118
1500,overall,1483.125977,4.328255309823402,118
1500,overall,1484.18457,4.403733220398394,118
1500,overall,1485.244141,5.089321646705603,118
1500,overall,1486.302734,7.637379349798777,118
1500,overall,1487.360352,10.618048487594551,118
1500,overall,1488.418945,19.561394398005834,118
1500,overall,1489.476563,23.342708048647363,118
1500,overall,1490.535156,23.455965876769152,118
1500,overall,1491.592773,21.74704668312583,118
1500,overall,1492.649414,9.368187675905231,118
1500,overall,1493.707031,7.982168861103083,118
1500,overall,1494.763672,15.876515566079378,118
1500,overall,1495.820313,8.774732976096441,118
1500,overall,1496.876953,13.692500172291322,118
1500,overall,1497.933594,10.118266771084583,118
1500,overall,1498.989258,19.366067668282195,118
1500,overall,1500.044922,6.937120686545385,118
1500,overall,1501.100586,4.630080758876831,118
1500,overall,1502.15625,4.026456358434335,118
1500,overall,1503.211914,4.708854369807619,118
1500,overall,1504.266602,3.6043790656352823,118
1500,overall,1505.321289,3.113132082186134,118
1500,overall,1506.375977,5.138341927905531,118
1500,overall,1507.430664,5.4070283838175435,118
1500,overall,1508.485352,5.479838725986353,118
1500,overall,1509.539063,4.86592811924323,118
1500,overall,1510.592773,5.132398847799613,118
1500,overall,1511.646484,4.446318569047541,118
1500,overall,1512.700195,4.012528052814347,118
1500,overall,1513.75293,3.1957355648349544,118
1500,overall,1514.805664,0.25571475433249363,118
1500,overall,1515.858398,0.14412399902914136,118
1500,overall,1516.911133,1.030803511448108,118
1500,overall,1517.963867,4.7569502154506464,118
1500,overall,1519.015625,7.752446415521607,118
1500,overall,1520.068359,7.49592120547929,118
1500,overall,1521.120117,8.687708418256522,118
1500,overall,1522.170898,5.63528843023022,118
1500,overall,1523.222656,7.322198905797543,118
1500,overall,1524.273438,4.127243083676601,118
1500,overall,1525.324219,2.0378155738530657,118
1500,overall,1526.375,2.9165670893344386,118
1500,overall,1527.425781,2.9968200831986493,118
1500,overall,1528.475586,2.263036175498213,118
1500,overall,1529.526367,3.237144718845468,118
1500,overall,1530.576172,5.457119725337874,118
1500,overall,1531.625977,3.6960095334447773,118
1500,overall,1532.674805,2.8330034739824814,118
1500,overall,1533.724609,2.9671127224011755,118
1500,overall,1534.773438,2.760183761965929,118
1500,overall,1535.822266,3.6271901193341245,118
1500,overall,1536.871094,4.200187252500072,118
1500,overall,1537.918945,11.342291351378375,118
1500,overall,1538.967773,0.11010121126515778,118
1500,overall,1540.015625,0.1389991174851166,118
1500,overall,1541.063477,0.04735489296365704,118
1500,overall,1542.111328,1.2880757743907583,118
1500,overall,1543.158203,2.7574014789796397,118
1500,overall,1544.206055,3.585510711710472,118
1500,overall,1545.25293,3.8715496474077393,118
1500,overall,1546.299805,3.433751950317692,118
1500,overall,1547.345703,2.553510885476422,118
1500,overall,1548.392578,2.8984952619698103,118
1500,overall,1549.438477,3.9141461331260636,118
1500,overall,1550.484375,4.114303785757792,118
1500,overall,1551.530273,4.949583422740499,118
1500,overall,1552.576172,5.564888187445148,118
1500,overall,1553.621094,5.56726214387048,118
1500,overall,1554.666016,3.705473633562597,118
1500,overall,1555.710938,3.501493916819139,118
1500,overall,1556.755859,4.829179366566953,118
1500,overall,1557.800781,2.992009152375118,118
1500,overall,1558.844727,3.2704433920232385,118
1500,overall,1559.889648,2.68939214243158,118
1500,overall,1560.933594,6.222848087019092,118
1500,overall,1561.976563,0.5327458790094981,118
1500,overall,1563.020508,0.6462107706429362,118
1500,overall,1564.063477,0.8697426794966675,118
1500,overall,1565.106445,0.9437460000922372,118
1500,overall,1566.149414,1.119786318740378,118
1500,overall,1567.192383,1.744308241348377,118
1500,overall,1568.235352,1.7038033660040968,118
1500,overall,1569.277344,1.8504263753370298,118
1500,overall,1570.319336,2.004266689517062,118
1500,overall,1571.361328,1.763542941684551,118
1500,overall,1572.40332,1.995505698372792,118
1500,overall,1573.444336,3.6413635945214793,118
1500,overall,1574.485352,3.11601346851536,118
1500,overall,1575.526367,4.574203945749513,118
1500,overall,1576.567383,2.8427621431348062,118
1500,overall,1577.608398,2.388922089414989,118
1500,overall,1578.648438,2.1954899952530647,118
1500,overall,1579.689453,1.9654460042208983,118
1500,overall,1580.729492,2.282440296374008,118
1500,overall,1581.768555,2.066972251116664,118
1500,overall,1582.808594,0.6666327811527855,118
1500,overall,1583.848633,1.7313639574192587,118
1500,overall,1584.887695,2.435951001440298,118
1500,overall,1585.926758,2.8355585128127014,118
1500,overall,1586.96582,2.5947819006455295,118
1500,overall,1588.003906,2.122240993087441,118
1500,overall,1589.041992,2.3096474853054394,118
1500,overall,1590.081055,2.038301378618417,118
1500,overall,1591.119141,1.1833085274913222,118
1500,overall,1592.15625,0.9700653925765357,118
1500,overall,1593.194336,4.261124695967591,118
1500,overall,1594.231445,1.9965960842986417,118
1500,overall,1595.268555,2.3801500179628032,118
1500,overall,1596.305664,4.897385817602225,118
1500,overall,1597.342773,3.595258591079518,118
1500,overall,1598.379883,0.6420716978096737,118
1500,overall,1599.416016,0.7441611532108836,118
1500,overall,1600.452148,0.9275806469432428,118
1500,overall,1601.488281,1.262503086974729,118
1500,overall,1602.524414,1.6438292732939832,118
1500,overall,1603.55957,2.8143554385750584,118
1500,overall,1604.594727,5.178324626308082,118
1500,overall,1605.630859,2.793205702839609,118
1500,overall,1606.665039,2.523429783486888,118
1500,overall,1607.700195,1.5787909956058803,118
1500,overall,1608.735352,0.6124729305973299,118
1500,overall,1609.769531,1.8618823915013862,118
1500,overall,1610.803711,2.474188583422887,118
1500,overall,1611.837891,2.185312691765045,118
1500,overall,1612.871094,0.622688276179864,118
1500,overall,1613.905273,0.05499394700853993,118
1500,overall,1614.938477,0.4263428931059033,118
1500,overall,1615.97168,1.210923915168896,118
1500,overall,1617.004883,2.118625844714912,118
1500,overall,1618.038086,2.6325210206117067,118
1500,overall,1619.070313,2.7086685873885465,118
1500,overall,1620.102539,7.496397780356415,118
1500,overall,1621.134766,3.4979194123099666,118
1500,overall,1622.166992,3.276246518383957,118
1500,overall,1623.199219,4.197722831321409,118
1500,overall,1624.230469,4.213055742020707,118
1500,overall,1625.261719,1.1560190947907856,118
1500,overall,1626.292969,1.4557626647380126,118
1500,overall,1627.324219,2.9278707832896904,118
1500,overall,1628.355469,4.638530215907698,118
1500,overall,1629.385742,6.390781442562199,118
1500,overall,1630.416016,5.963975470187686,118
1500,overall,1631.446289,4.189561972674803,118
1500,overall,1632.476563,2.658145700732058,118
1500,overall,1633.506836,2.3787823866280347,118
1500,overall,1634.536133,3.687635804272896,118
1500,overall,1635.56543,3.299385525468938,118
1500,overall,1636.594727,2.8485183279491975,118
1500,overall,1637.624023,1.6384669206845566,118
1500,overall,1638.652344,1.1224276230742785,118
1500,overall,1639.681641,1.3739091276362947,118
1500,overall,1640.709961,1.0260283490750817,118
1500,overall,1641.738281,0.8244791490166824,118
1500,overall,1642.766602,0.12401837606775468,118
1500,overall,1643.793945,0.02982529681183262,118
1500,overall,1644.822266,0.225040871430322,118
1500,overall,1645.849609,0.19014475297472033,118
1500,overall,1646.876953,0.05290953030182909,118
1500,overall,1647.90332,0.37135056498334085,118
1500,overall,1648.930664,1.804958784890571,118
1500,overall,1649.957031,4.698004740417557,118
1500,overall,1650.983398,5.57513318125476,118
1500,overall,1652.009766,5.486090572295647,118
1500,overall,1653.036133,5.630819430253899,118
1500,overall,1654.0625,5.742041646591304,118
1500,overall,1655.087891,6.019201751640303,118
1500,overall,1656.113281,4.963398982185284,118
1500,overall,1657.138672,4.871297784442461,118
1500,overall,1658.164063,4.3075187903205805,118
1500,overall,1659.188477,4.77645253680041,118
1500,overall,1660.213867,5.746676154284999,118
1500,overall,1661.238281,6.064689518287438,118
1500,overall,1662.262695,2.0573896221945933,118
1500,overall,1663.286133,0.752833341332652,118
1500,overall,1664.310547,1.091796238235213,118
1500,overall,1665.333984,1.8740844014490836,118
1500,overall,1666.357422,6.783614474740925,118
1500,overall,1667.380859,8.83188272975546,118
1500,overall,1668.404297,7.542616034789851,118
1500,overall,1669.426758,5.872291939103806,118
1500,overall,1670.450195,4.932351327297105,118
1500,overall,1671.472656,6.417123005825955,118
1500,overall,1672.495117,6.252371353815711,118
1500,overall,1673.517578,5.684035864009098,118
1500,overall,1674.539063,4.322651074672297,118
1500,overall,1675.560547,4.436661840138266,118
1500,overall,1676.582031,4.606135618591335,118
1500,overall,1677.603516,4.319501868979387,118
1500,overall,1678.625,3.772799290436907,118
1500,overall,1679.646484,4.699304375125084,118
1500,overall,1680.666992,6.825925163389053,118
1500,overall,1681.6875,7.381444613379839,118
1500,overall,1682.708008,9.453189634690515,118
1500,overall,1683.728516,6.414707688230898,118
1500,overall,1684.748047,1.5215511907885217,118
1500,overall,1685.768555,0.7804955806090748,118
1500,overall,1686.788086,0.903696655579478,118
1500,overall,1687.807617,1.0009384033986695,118
1500,overall,1688.826172,1.2864374821363442,118
1500,overall,1689.845703,1.251289608901312,118
1500,overall,1690.864258,1.259942755686931,118
1500,overall,1691.882813,1.612623481076169,118
1500,overall,1692.901367,2.5161780453441835,118
1500,overall,1693.919922,4.043977638994069,118
1500,overall,1694.938477,4.222341376935089,118
1500,overall,1695.956055,3.177734375153498,118
1500,overall,1696.973633,2.317738793684592,118
1500,overall,1697.991211,2.3956275185146043,118
1500,overall,1699.008789,2.573001328844953,118
1500,overall,1700.025391,3.0381976752168134,118
1500,overall,1701.042969,2.8176881112295793,118
1500,overall,1702.05957,3.42842634290531,118
1500,overall,1703.076172,4.118284679866806,118
1500,overall,1704.091797,4.254409044869962,118
1500,overall,1705.108398,6.570851890421652,118
1500,overall,1706.124023,3.951201490224189,118
1500,overall,1707.139648,3.4825356203658973,118
1500,overall,1708.155273,5.620655992849479,118
1500,overall,1709.170898,6.164502434092287,118
1500,overall,1710.186523,8.361453712966457,118
1500,overall,1711.201172,4.9451605714155455,118
1500,overall,1712.21582,3.0224137967749125,118
1500,overall,1713.230469,3.693512577103891,118
1500,overall,1714.245117,5.591203780900502,118
1500,overall,1715.259766,5.726429382033875,118
1500,overall,1716.273438,5.827718502960026,118
1500,overall,1717.287109,5.740117685734614,118
1500,overall,1718.300781,1.5853881207526266,118
1500,overall,1719.314453,3.7195251058207983,118
1500,overall,1720.328125,4.354749742782208,118
1500,overall,1721.34082,2.346675737092691,118
1500,overall,1722.353516,3.1291310060213307,118
1500,overall,1723.366211,3.477838363962184,118
1500,overall,1724.378906,4.117102069313033,118
1500,overall,1725.391602,5.501523349822816,118
1500,overall,1726.40332,6.151834540884102,118
1500,overall,1727.415039,2.672345798769493,118
1500,overall,1728.426758,2.6324274696490564,118
1500,overall,1729.438477,5.4735028782070785,118
1500,overall,1730.450195,4.527902115871514,118
1500,overall,1731.460938,4.2640216590840465,118
1500,overall,1732.47168,4.118511228779977,118
1500,overall,1733.482422,4.6714669576836805,118
1500,overall,1734.493164,6.417377113476015,118
1500,overall,1735.503906,6.847609675089137,118
1500,overall,1736.513672,5.106658924399398,118
1500,overall,1737.523438,4.366047955201968,118
1500,overall,1738.53418,2.4270120070959034,118
1500,overall,1739.542969,2.5349562943073503,118
1500,overall,1740.552734,2.7628796896839707,118
1500,overall,1741.5625,2.5954196373394014,118
1500,overall,1742.571289,1.4323343357244707,118
1500,overall,1743.580078,0.9176116771468544,118
1500,overall,1744.588867,1.1937459121272258,118
1500,overall,1745.59668,1.2250069991794295,118
1500,overall,1746.605469,0.9900433628484266,118
1500,overall,1747.613281,0.9700271526251901,118
1500,overall,1748.621094,1.0309452703626165,118
1500,overall,1749.628906,1.4233892061098559,118
1500,overall,1750.636719,4.253817066821472,118
1500,overall,1751.643555,5.556643103059728,118
1500,overall,1752.651367,1.2216997458531431,118
1500,overall,1753.658203,0.2607284692948805,118
1500,overall,1754.665039,0.3624150142978335,118
1500,overall,1755.671875,0.5235423499527632,118
1500,overall,1756.677734,0.3939964234890685,118
1500,overall,1757.683594,0.18066692157479747,118
1500,overall,1758.69043,0.05935472204241064,118
1500,overall,1759.696289,0.18198810904144808,118
1500,overall,1760.701172,0.13419951101107666,118
1500,overall,1761.707031,0.5664546876869178,118
1500,overall,1762.711914,0.9332137414203436,118
1500,overall,1763.716797,0.8710919080174695,118
1500,overall,1764.72168,0.9004460013888144,118
1500,overall,1765.726563,1.218128262599027,118
1500,overall,1766.731445,0.42481783971550324,118
1500,overall,1767.735352,1.4342516005972819,118
1500,overall,1768.739258,1.798055271149284,118
1500,overall,1769.743164,1.7790091486232489,118
1500,overall,1770.74707,2.9163491883851775,118
1500,overall,1771.750977,3.7907921428619225,118
1500,overall,1772.753906,1.2645409981322027,118
1500,overall,1773.757813,1.6739055547470612,118
1500,overall,1774.760742,2.7600416519815547,118
1500,overall,1775.763672,1.8250520571476614,118
1500,overall,1776.765625,1.9607691561888505,118
1500,overall,1777.768555,2.8551889262952916,118
1500,overall,1778.770508,1.8119131393564283,118
1500,overall,1779.772461,2.2589385994829296,118
1500,overall,1780.774414,0.8420049930570176,118
1500,overall,1781.776367,0.2051223738473351,118
1500,overall,1782.777344,0.6202503984285098,118
1500,overall,1783.77832,0.6977224890717214,118
1500,overall,1784.779297,2.7206392981227827,118
1500,overall,1785.780273,2.677192772254191,118
1500,overall,1786.78125,2.260271285287126,118
1500,overall,1787.782227,2.606650765830001,118
1500,overall,1788.782227,2.674608602982319,118
1500,overall,1789.782227,0.6869589577187066,118
1500,overall,1790.782227,0.11311535040528256,118
1500,overall,1791.782227,0.4615840450854723,118
1500,overall,1792.78125,0.7845438980599033,118
1500,overall,1793.78125,0.821133079757729,118
1500,overall,1794.780273,0.3777255832387294,118
1500,overall,1795.779297,1.670644427112956,118
1500,overall,1796.77832,2.3719047712846897,118
1500,overall,1797.776367,3.903810304279239,118
1500,overall,1798.775391,4.291037541549705,118
1500,overall,1799.773438,6.21988697153049,118
1500,overall,1800.771484,7.6991428783234115,118
1500,overall,1801.769531,6.4007059324069235,118
1500,overall,1802.767578,4.750631770132122,118
1500,overall,1803.764648,3.628647097371765,118
1500,overall,1804.761719,3.8977580729380437,118
1500,overall,1805.758789,4.353853447490051,118
1500,overall,1806.755859,4.156769208681142,118
1500,overall,1807.75293,3.6265513119840445,118
1500,overall,1808.749023,3.13205391388957,118
1500,overall,1809.746094,4.918226656013103,118
1500,overall,1810.742188,3.9130059348457724,118
1500,overall,1811.738281,1.8945754071234069,118
1500,overall,1812.733398,1.8206131374964718,118
1500,overall,1813.729492,1.9998143623805238,118
1500,overall,1814.724609,2.786670960119611,118
1500,overall,1815.719727,0.9301773800650307,118
1500,overall,1816.714844,0.6145072540576754,118
1500,overall,1817.709961,0.9857506589887527,118
1500,overall,1818.705078,2.906735946787336,118
1500,overall,1819.699219,5.646154791784894,118
1500,overall,1820.693359,6.936570272964483,118
1500,overall,1821.6875,7.113655354959171,118
1500,overall,1822.681641,11.433538400948,118
1500,overall,1823.675781,8.493083141883211,118
1500,overall,1824.668945,10.252549153756163,118
1500,overall,1825.662109,1.9572075672403457,118
1500,overall,1826.655273,0.8201023877779287,118
1500,overall,1827.648438,0.8250247897423271,118
1500,overall,1828.641602,0.9356879138647276,118
1500,overall,1829.633789,2.2919939488464633,118
1500,overall,1830.626953,2.8173252848270645,118
1500,overall,1831.619141,1.8320463810342176,118
1500,overall,1832.611328,3.1786125034486763,118
1500,overall,1833.602539,3.7100822906792255,118
1500,overall,1834.594727,4.540182554151171,118
1500,overall,1835.585938,4.722583056848874,118
1500,overall,1836.577148,5.385059372442869,118
1500,overall,1837.568359,4.163376776470252,118
1500,overall,1838.55957,4.085282975530408,118
1500,overall,1839.550781,2.1069661556538333,118
1500,overall,1840.541016,0.2960285318221215,118
1500,overall,1841.53125,0.1734235666749449,118
1500,overall,1842.521484,0.014973807875628787,118
1500,overall,1843.511719,0.1737396244833726,118
1500,overall,1844.501953,0.0845688649601029,118
1500,overall,1845.491211,0.05541648130688301,118
1500,overall,1846.480469,0.5206382605125345,118
1500,overall,1847.469727,0.7671129846084235,118
1500,overall,1848.458984,1.0183534742790845,118
1500,overall,1849.448242,1.4502762734457235,118
1500,overall,1850.436523,2.941088655893084,118
1500,overall,1851.424805,4.856329644748825,118
1500,overall,1852.413086,6.2945617334661295,118
1500,overall,1853.401367,3.9725723744883616,118
1500,overall,1854.389648,2.3357047229053687,118
1500,overall,1855.37793,2.367614803744245,118
1500,overall,1856.365234,4.701990698000407,118
1500,overall,1857.352539,4.299651902489561,118
1500,overall,1858.339844,4.18346541778555,118
1500,overall,1859.327148,2.897810207101061,118
1500,overall,1860.313477,3.519143928165487,118
1500,overall,1861.300781,4.839394212008363,118
1500,overall,1862.287109,4.587442431006905,118
1500,overall,1863.273438,3.64762845832841,118
1500,overall,1864.259766,4.779772120257614,118
1500,overall,1865.245117,3.65617158940021,118
1500,overall,1866.231445,5.924130032031403,118
1500,overall,1867.216797,5.911927510815245,118
1500,overall,1868.202148,4.536267757940305,118
1500,overall,1869.1875,4.121420394151875,118
1500,overall,1870.171875,2.5461147921715788,118
1500,overall,1871.157227,5.726272332011076,118
1500,overall,1872.141602,6.111054926620937,118
1500,overall,1873.125977,4.152015059803685,118
1500,overall,1874.110352,3.467772929108152,118
1500,overall,1875.094727,5.537023527616975,118
1500,overall,1876.078125,3.556357567487661,118
1500,overall,1877.0625,3.7404258322456,118
1500,overall,1878.045898,6.125661684392052,118
1500,overall,1879.029297,6.597244731559369,118
1500,overall,1880.012695,8.435993975301868,118
1500,overall,1880.995117,6.506445335719442,118
1500,overall,1881.978516,3.746491235149425,118
1500,overall,1882.960938,3.0100285756105167,118
1500,overall,1883.943359,3.514213313064611,118
1500,overall,1884.925781,3.383866831321285,118
1500,overall,1885.907227,1.384376151294993,118
1500,overall,1886.889648,1.3742748275230274,118
1500,overall,1887.871094,2.2573031119148927,118
1500,overall,1888.852539,3.538667202833247,118
1500,overall,1889.833984,2.333150983075632,118
1500,overall,1890.81543,2.4886552433165168,118
1500,overall,1891.795898,2.173237227731584,118
1500,overall,1892.776367,1.6801973742489325,118
1500,overall,1893.757813,1.6048300098254416,118
1500,overall,1894.738281,1.2649505338962401,118
1500,overall,1895.717773,1.121899961376687,118
1500,overall,1896.698242,1.2363259666503434,118
1500,overall,1897.677734,1.0820534434237525,118
1500,overall,1898.657227,1.1193994792683977,118
1500,overall,1899.636719,1.296227327560201,118
1500,overall,1900.616211,1.1774138543725086,118
1500,overall,1901.595703,2.920661338074876,118
1500,overall,1902.574219,5.5209045803978505,118
1500,overall,1903.552734,2.071173482184579,118
1500,overall,1904.53125,2.070466332481133,118
1500,overall,1905.509766,2.2619324213986594,118
1500,overall,1906.488281,3.502927268373265,118
1500,overall,1907.46582,1.4635446143509843,118
1500,overall,1908.444336,0.2489946717301536,118
1500,overall,1909.421875,0.6281337554664074,118
1500,overall,1910.399414,0.5804580146384976,118
1500,overall,1911.375977,0.6050498507135381,118
1500,overall,1912.353516,0.5862102825616615,118
1500,overall,1913.330078,0.32255079654178453,118
1500,overall,1914.306641,0.38012195419507855,118
1500,overall,1915.283203,0.508622930469652,118
1500,overall,1916.259766,0.7792050035188571,118
1500,overall,1917.236328,0.20065535612323834,118
1500,overall,1918.211914,0.4262212225815472,118
1500,overall,1919.1875,0.4804733371572489,118
1500,overall,1920.163086,0.5318125179265671,118
1500,overall,1921.138672,1.3570193829657153,118
1500,overall,1922.114258,1.7873213361227005,118
1500,overall,1923.088867,1.3338064792129816,118
1500,overall,1924.064453,0.8852340229172313,118
1500,overall,1925.039063,0.5494757322774466,118
1500,overall,1926.013672,0.05686092789265089,118
1500,overall,1926.987305,0.2220646545809339,118
1500,overall,1927.961914,1.2846067485657584,118
1500,overall,1928.935547,3.9716047180708327,118
1500,overall,1929.90918,1.2425796397722402,118
1500,overall,1930.882813,0.9787505117002695,118
1500,overall,1931.856445,2.23981166745522,118
1500,overall,1932.830078,1.885203904668829,118
1500,overall,1933.802734,1.5411289325473185,118
1500,overall,1934.775391,2.9846191422050308,118
1500,overall,1935.748047,5.02484614690315,118
1500,overall,1936.720703,5.121311228298989,118
1500,overall,1937.693359,2.302877387008101,118
1500,overall,1938.665039,2.048173516539804,118
1500,overall,1939.636719,2.88331756185686,118
1500,overall,1940.608398,2.103437029423192,118
1500,overall,1941.580078,0.17259580670754998,118
1500,overall,1942.551758,0.5091011210750348,118
1500,overall,1943.522461,0.9877291129608035,118
1500,overall,1944.494141,2.238923576870353,118
1500,overall,1945.464844,2.1830303643156337,118
1500,overall,1946.435547,2.8737448459006423,118
1500,overall,1947.40625,4.077443788200162,118
1500,overall,1948.375977,4.495968288708231,118
1500,overall,1949.34668,1.9413130726923056,118
1500,overall,1950.316406,1.4551378769444898,118
1500,overall,1951.286133,0.8833465963690469,118
1500,overall,1952.254883,0.6570972761001692,118
1500,overall,1953.224609,0.5225484970077499,118
1500,overall,1954.194336,0.6626416800598747,118
1500,overall,1955.163086,1.2220975139035657,118
1500,overall,1956.131836,9.167124546145986,118
1500,overall,1957.100586,1.698344445600047,118
1500,overall,1958.068359,2.8629454823448284,118
1500,overall,1959.037109,9.073438083715441,118
1500,overall,1960.004883,8.199110824915941,118
1500,overall,1960.972656,1.9997117432487455,118
1500,overall,1961.94043,0.8155354294313668,118
1500,overall,1962.908203,0.8303387963314495,118
1500,overall,1963.875977,0.729419823178034,118
1500,overall,1964.842773,0.7647166270515134,118
1500,overall,1965.80957,2.1818877230437623,118
1500,overall,1966.776367,4.28155035379696,118
1500,overall,1967.743164,3.629563625760341,118
1500,overall,1968.708984,4.0362642911475834,118
1500,overall,1969.675781,6.396753289797612,118
1500,overall,1970.641602,6.531180072674084,118
1500,overall,1971.607422,8.220665198801969,118
1500,overall,1972.573242,8.113144295873036,118
1500,overall,1973.539063,3.4294272847899454,118
1500,overall,1974.503906,4.013013041172609,118
1500,overall,1975.46875,0.8629530437010307,118
1500,overall,1976.43457,0.27392196500576643,118
1500,overall,1977.398438,0.25928322018191174,118
1500,overall,1978.363281,0.4514279122553597,118
1500,overall,1979.328125,2.9502804632691135,118
1500,overall,1980.291992,1.5295223435741696,118
1500,overall,1981.255859,6.051425549689124,118
1500,overall,1982.219727,6.111302726939373,118
1500,overall,1983.183594,6.706834034728334,118
1500,overall,1984.147461,3.0859091428989105,118
1500,overall,1985.110352,4.648438047459897,118
1500,overall,1986.073242,6.911749075718727,118
1500,overall,1987.036133,6.298007965206434,118
1500,overall,1987.999023,6.039713544074354,118
1500,overall,1988.961914,1.5466901858009072,118
1500,overall,1989.923828,0.7232755848233222,118
1500,overall,1990.886719,0.7987412135351919,118
1500,overall,1991.848633,0.6994066399091011,118
1500,overall,1992.810547,0.48607157260126,118
1500,overall,1993.771484,0.4023072588540798,118
1500,overall,1994.733398,0.4267624949787647,118
1500,overall,1995.694336,0.9546695098132199,118
1500,overall,1996.655273,3.3520605540707575,118
1500,overall,1997.616211,2.025268931130906,118
2900,overall,2460.719727,5.383589333756837,118
2900,overall,2461.619141,5.05858112168667,118
2900,overall,2462.519531,4.715438931030235,118
2900,overall,2463.418945,4.625374048556363,118
2900,overall,2464.318359,4.712807620854425,118
2900,overall,2465.217773,4.803030997130925,118
2900,overall,2466.117188,4.661454987887599,118
2900,overall,2467.016602,4.743796929474959,118
2900,overall,2467.915039,3.586636061593492,118
2900,overall,2468.814453,2.8668678706741755,118
2900,overall,2469.712891,2.6700753725371245,118
2900,overall,2470.611328,2.4520966294090827,118
2900,overall,2471.508789,1.4142186255212041,118
2900,overall,2472.407227,0.7174546217909157,118
2900,overall,2473.304688,1.5055020593487618,118
2900,overall,2474.203125,1.2613770964962283,118
2900,overall,2475.100586,1.4481861016531206,118
2900,overall,2475.99707,2.0343769503236135,118
2900,overall,2476.894531,1.10033016090718,118
2900,overall,2477.791992,0.9780827668819687,118
2900,overall,2478.688477,1.0364958509277047,118
2900,overall,2479.584961,1.404239892089206,118
2900,overall,2480.481445,1.5411898347832316,118
2900,overall,2481.37793,1.6668199376988673,118
2900,overall,2482.273438,1.5959681909154568,118
2900,overall,2483.169922,1.814563645911102,118
2900,overall,2484.06543,2.6359871093759626,118
2900,overall,2484.960938,2.623599423100075,118
2900,overall,2485.856445,2.3395065341030716,118
2900,overall,2486.751953,2.8900784745573005,118
2900,overall,2487.646484,2.27688366032016,118
2900,overall,2488.541016,2.3303310003666495,118
2900,overall,2489.436523,3.4545350979233147,118
2900,overall,2490.331055,4.660838890201621,118
2900,overall,2491.224609,5.211009344295684,118
2900,overall,2492.119141,6.8783067364376125,118
2900,overall,2493.013672,7.638610453032675,118
2900,overall,2493.907227,7.606099573029685,118
2900,overall,2494.800781,7.847180376886387,118
2900,overall,2495.694336,7.260639448681987,118
2900,overall,2496.587891,7.349886753791459,118
2900,overall,2497.480469,7.288169630509522,118
2900,overall,2498.374023,6.792366350507121,118
2900,overall,2499.266602,7.288538966501358,118
2900,overall,2500.15918,6.542888494707348,118
2900,overall,2501.051758,7.006390219661137,118
2900,overall,2501.943359,6.437597565739399,118
2900,overall,2502.835938,5.632130409904637,118
2900,overall,2503.727539,6.3547740943494615,118
2900,overall,2504.619141,6.422843056926416,118
2900,overall,2505.510742,6.737520848538151,118
2900,overall,2506.402344,6.961388132331969,118
2900,overall,2507.292969,7.203945641630664,118
2900,overall,2508.18457,7.901799948342701,118
2900,overall,2509.075195,7.4576097408562285,118
2900,overall,2509.96582,7.736095884131442,118
2900,overall,2510.856445,6.364550311788587,118
2900,overall,2511.74707,5.545877152501993,118
2900,overall,2512.636719,6.356945189641033,118
2900,overall,2513.527344,6.460690951239445,118
2900,overall,2514.416992,6.746102977749189,118
2900,overall,2515.306641,6.456089048394909,118
2900,overall,2516.196289,6.295116290221193,118
2900,overall,2517.084961,6.434804280680555,118
2900,overall,2517.974609,5.136661907183925,118
2900,overall,2518.863281,5.530976960963312,118
2900,overall,2519.751953,4.986411669432704,118
2900,overall,2520.640625,4.977804821419781,118
2900,overall,2521.529297,5.451125816985395,118
2900,overall,2522.416992,5.243837751306171,118
2900,overall,2523.305664,5.183733877403353,118
2900,overall,2524.193359,5.000120356929568,118
2900,overall,2525.081055,5.155420203533332,118
2900,overall,2525.96875,5.994667560727748,118
2900,overall,2526.855469,5.245365042525478,118
2900,overall,2527.743164,6.1714530063523645,118
2900,overall,2528.629883,5.744588917556723,118
2900,overall,2529.516602,6.117723363568599,118
2900,overall,2530.40332,6.5805624773253495,118
2900,overall,2531.290039,6.86491091002301,118
2900,overall,2532.176758,7.922858856778789,118
2900,overall,2533.0625,8.089591350897365,118
2900,overall,2533.948242,8.489787981948513,118
2900,overall,2534.833984,9.696895104774201,118
2900,overall,2535.719727,9.132029916604415,118
2900,overall,2536.605469,9.85424885967437,118
2900,overall,2537.490234,9.138573662258903,118
2900,overall,2538.375977,8.500564189093591,118
2900,overall,2539.260742,8.684729777071643,118
2900,overall,2540.145508,8.664962842319875,118
2900,overall,2541.030273,9.121697507162864,118
2900,overall,2541.914063,8.302127129845035,118
2900,overall,2542.798828,8.354325009699053,118
2900,overall,2543.682617,8.848894816795093,118
2900,overall,2544.566406,8.371260999322605,118
2900,overall,2545.450195,9.058067135142124,118
2900,overall,2546.333984,8.135283392750523,118
2900,overall,2547.216797,8.12141147258785,118
2900,overall,2548.100586,8.73253984031956,118
2900,overall,2548.983398,8.382429063605793,118
2900,overall,2549.866211,9.181575105040809,118
2900,overall,2550.749023,7.036170923972098,118
2900,overall,2551.630859,8.022697624335413,118
2900,overall,2552.513672,7.6022452991634974,118
2900,overall,2553.395508,7.209543442501065,118
2900,overall,2554.277344,7.721862118653075,118
2900,overall,2555.15918,6.885623230897582,118
2900,overall,2556.041016,7.7935731116069835,118
2900,overall,2556.922852,9.134378518554538,118
2900,overall,2557.803711,9.594832720144915,118
2900,overall,2558.68457,10.825758019154028,118
2900,overall,2559.56543,8.74184799491739,118
2900,overall,2560.446289,10.886300102226869,118
2900,overall,2561.327148,9.318525395273209,118
2900,overall,2562.207031,9.163917301627842,118
2900,overall,2563.087891,9.610190821815351,118
2900,overall,2563.967773,7.890123938805201,118
2900,overall,2564.847656,12.309254385791913,118
2900,overall,2565.727539,8.428223585996664,118
2900,overall,2566.606445,5.907286646341114,118
2900,overall,2567.486328,2.8271468448328583,118
2900,overall,2568.365234,2.323414399633636,118
2900,overall,2569.244141,2.1625922789894916,118
2900,overall,2570.123047,1.8521782004083496,118
2900,overall,2571.001953,0.9975734875917697,118
2900,overall,2571.879883,2.028551587197833,118
2900,overall,2572.758789,2.9511000641273504,118
2900,overall,2573.636719,2.305728072185895,118
2900,overall,2574.514648,1.7617791289752174,118
2900,overall,2575.392578,0.92389303398859,118
2900,overall,2576.270508,0.7985946077973757,118
2900,overall,2577.147461,0.5574871788929606,118
2900,overall,2578.024414,0.9481669961613516,118
2900,overall,2578.902344,1.8835646878271401,118
2900,overall,2579.779297,2.60580386922468,118
2900,overall,2580.655273,4.124502630846617,118
2900,overall,2581.532227,4.556486878171499,118
2900,overall,2582.408203,4.42990895489458,118
2900,overall,2583.285156,4.6190634973678115,118
2900,overall,2584.161133,3.4143783438590036,118
2900,overall,2585.037109,3.2299375428285315,118
2900,overall,2585.912109,2.2322479020828743,118
2900,overall,2586.788086,1.8439761334753477,118
2900,overall,2587.663086,2.3688154088892213,118
2900,overall,2588.538086,1.9535000648731926,118
2900,overall,2589.413086,1.597240574072444,118
2900,overall,2590.288086,0.884148475717188,118
2900,overall,2591.163086,0.7089121553693091,118
2900,overall,2592.037109,0.7234137110012243,118
2900,overall,2592.912109,1.7326953221092634,118
2900,overall,2593.786133,1.257216469711482,118
2900,overall,2594.660156,1.0880023154914251,118
2900,overall,2595.53418,1.7314937355677167,118
2900,overall,2596.407227,2.21541964732295,118
2900,overall,2597.28125,2.3066151643370856,118
2900,overall,2598.154297,3.4700785678631814,118
2900,overall,2599.027344,3.5105217221558416,118
2900,overall,2599.900391,3.5426134990678704,118
2900,overall,2600.772461,3.6969078727150886,118
2900,overall,2601.645508,3.0367332092651624,118
2900,overall,2602.517578,3.2921334181605393,118
2900,overall,2603.389648,2.802915433703991,118
2900,overall,2604.261719,2.816201810979544,118
2900,overall,2605.133789,2.285601320444572,118
2900,overall,2606.005859,2.0838995080795404,118
2900,overall,2606.876953,2.2280229598721433,118
2900,overall,2607.749023,1.587286089011895,118
2900,overall,2608.620117,1.099363841891284,118
2900,overall,2609.491211,0.3499832675344794,118
2900,overall,2610.361328,0.15985002599697543,118
2900,overall,2611.232422,0.684767846345066,118
2900,overall,2612.102539,1.8024530001814243,118
2900,overall,2612.973633,0.9728802708040917,118
2900,overall,2613.84375,0.8637897796475703,118
2900,overall,2614.713867,0.8474445052144938,118
2900,overall,2615.583008,0.8056778837928114,118
2900,overall,2616.453125,0.48777549063160713,118
2900,overall,2617.322266,0.524277707490674,118
2900,overall,2618.191406,0.19540848088054127,118
2900,overall,2619.060547,0.32711224818781603,118
2900,overall,2619.929688,0.4705604893056711,118
2900,overall,2620.798828,0.5379708523294742,118
2900,overall,2621.666992,0.6128932689583743,118
2900,overall,2622.536133,0.2213124435015458,118
2900,overall,2623.404297,0.4538459745408001,118
2900,overall,2624.272461,0.2565508376862688,118
2900,overall,2625.139648,0.7632661468706368,118
2900,overall,2626.007813,0.9720135324264416,118
2900,overall,2626.875,1.2578922613976098,118
2900,overall,2627.743164,0.8378105466376895,118
2900,overall,2628.610352,1.403474345873218,118
2900,overall,2629.476563,1.9182132367294533,118
2900,overall,2630.34375,1.2645080967795355,118
2900,overall,2631.210938,1.4991449859766846,118
2900,overall,2632.077148,1.8250010184818846,118
2900,overall,2632.943359,1.2659937132555565,118
2900,overall,2633.80957,0.7147632218580953,118
2900,overall,2634.675781,0.8511361068809571,118
2900,overall,2635.541992,3.5035063552472447,118
2900,overall,2636.407227,2.943126052830133,118
2900,overall,2637.272461,5.675919537614357,118
2900,overall,2638.138672,6.66180991384862,118
2900,overall,2639.00293,5.398426137752829,118
2900,overall,2639.868164,8.172624655489933,118
2900,overall,2640.733398,6.69833971050994,118
2900,overall,2641.597656,6.603491407222683,118
2900,overall,2642.461914,5.191503921592022,118
2900,overall,2643.327148,4.976120458411879,118
2900,overall,2644.19043,6.202215830910925,118
2900,overall,2645.054688,4.477792678225808,118
2900,overall,2645.918945,5.898501927024563,118
2900,overall,2646.782227,6.553443607400299,118
2900,overall,2647.645508,6.568895723830326,118
2900,overall,2648.508789,8.002001574241667,118
2900,overall,2649.37207,7.113945113856607,118
2900,overall,2650.235352,7.916737489047458,118
2900,overall,2651.097656,7.583041076472843,118
2900,overall,2651.960938,7.107847717150826,118
2900,overall,2652.823242,7.427065796119513,118
2900,overall,2653.685547,7.242013775859832,118
2900,overall,2654.546875,8.640089787522596,118
2900,overall,2655.40918,8.658766715051213,118
2900,overall,2656.270508,9.651619050932851,118
2900,overall,2657.132813,10.580301351097406,118
2900,overall,2657.994141,9.67908294232729,118
2900,overall,2658.855469,9.113301399232267,118
2900,overall,2659.71582,7.944358351330779,118
2900,overall,2660.577148,8.227196182911097,118
2900,overall,2661.4375,8.608542665952593,118
2900,overall,2662.298828,8.461087757808409,118
2900,overall,2663.15918,8.701402964481078,118
2900,overall,2664.019531,7.734227768641329,118
2900,overall,2664.878906,8.317183695813341,118
2900,overall,2665.739258,7.317495745811695,118
2900,overall,2666.598633,7.04422239371967,118
2900,overall,2667.458008,7.578307182952999,118
2900,overall,2668.317383,6.550634647138405,118
2900,overall,2669.176758,7.611529489406537,118
2900,overall,2670.036133,6.597882990874572,118
2900,overall,2670.894531,7.222258349529084,118
2900,overall,2671.75293,7.689255429491512,118
2900,overall,2672.612305,7.535150196359348,118
2900,overall,2673.470703,9.424823930642034,118
2900,overall,2674.328125,8.356627880986279,118
2900,overall,2675.186523,11.116874662293595,118
2900,overall,2676.043945,9.796600647050797,118
2900,overall,2676.902344,9.76272519188801,118
2900,overall,2677.759766,10.95403056387908,118
2900,overall,2678.617188,9.011512209157493,118
2900,overall,2679.473633,9.18790921223012,118
2900,overall,2680.331055,7.185695527968358,118
2900,overall,2681.1875,6.741602165793742,118
2900,overall,2682.043945,7.278609066640112,118
2900,overall,2682.901367,6.178960936953728,118
2900,overall,2683.756836,7.664958795312243,118
2900,overall,2684.613281,5.648146362001822,118
2900,overall,2685.469727,6.766586282805461,118
2900,overall,2686.325195,5.482721555219248,118
2900,overall,2687.180664,4.7209351576006044,118
2900,overall,2688.036133,5.781291601144355,118
2900,overall,2688.891602,3.344803769132584,118
2900,overall,2689.74707,4.459887915902187,118
2900,overall,2690.601563,3.0168823353735843,118
2900,overall,2691.456055,3.6982602183256765,118
2900,overall,2692.310547,1.8867942235663353,118
2900,overall,2693.165039,0.9881521764076332,118
2900,overall,2694.019531,0.7109747741636266,118
2900,overall,2694.874023,0.6541023004460915,118
2900,overall,2695.727539,2.44515933930844,118
2900,overall,2696.582031,3.4004539358816217,118
2900,overall,2697.435547,3.9089119009188766,118
2900,overall,2698.289063,3.96622838632938,118
2900,overall,2699.141602,3.7449767068947635,118
2900,overall,2699.995117,7.2187905298731465,118
2900,overall,2700.847656,7.849926903350792,118
2900,overall,2701.701172,10.533747251364375,118
2900,overall,2702.553711,16.65575520064141,118
2900,overall,2703.40625,14.932502382174663,118
2900,overall,2704.257813,14.80137760726928,118
2900,overall,2705.110352,10.265170080042362,118
2900,overall,2705.961914,8.746031423279751,118
2900,overall,2706.813477,2.8543625915779205,118
2900,overall,2707.665039,1.3201498259273465,118
2900,overall,2708.516602,1.2890518125067139,118
2900,overall,2709.368164,1.0979823701690608,118
2900,overall,2710.21875,1.7817874191043954,118
2900,overall,2711.070313,2.496025722592516,118
2900,overall,2711.920898,3.9006387257976076,118
2900,overall,2712.771484,7.674562981552485,118
2900,overall,2713.62207,9.786215898247667,118
2900,overall,2714.47168,9.769004599386582,118
2900,overall,2715.322266,7.130579840524604,118
2900,overall,2716.171875,9.67420905663547,118
2900,overall,2717.021484,10.976846912707954,118
2900,overall,2717.871094,14.574468619747174,118
2900,overall,2718.720703,19.77582124930051,118
2900,overall,2719.570313,18.898580232567884,118
2900,overall,2720.418945,20.63785213322952,118
2900,overall,2721.267578,19.92248056257863,118
2900,overall,2722.117188,21.082506534943754,118
2900,overall,2722.96582,24.18305681299688,118
2900,overall,2723.813477,24.255439825973095,118
2900,overall,2724.662109,23.846261254732866,118
2900,overall,2725.509766,20.971949007543408,118
2900,overall,2726.358398,19.44634500999955,118
2900,overall,2727.206055,16.131499322228567,118
2900,overall,2728.053711,12.335323913065618,118
2900,overall,2728.900391,15.46263290682333,118
2900,overall,2729.748047,10.487473968969317,118
2900,overall,2730.594727,11.04565911041136,118
2900,overall,2731.442383,7.141297286487847,118
2900,overall,2732.289063,4.4016040892385595,118
2900,overall,2733.134766,3.3895103191891107,118
2900,overall,2733.981445,2.087572594964059,118
2900,overall,2734.828125,2.4938830244760393,118
2900,overall,2735.673828,0.7332320336669715,118
2900,overall,2736.519531,1.4900007018115378,118
2900,overall,2737.365234,2.1309277473714054,118
2900,overall,2738.210938,3.2134931327823835,118
2900,overall,2739.056641,8.003631253177765,118
2900,overall,2739.902344,10.131492421998676,118
2900,overall,2740.74707,11.317797251872681,118
2900,overall,2741.591797,8.22841602786304,118
2900,overall,2742.436523,6.499957016114279,118
2900,overall,2743.28125,3.9467120245369043,118
2900,overall,2744.125977,0.985615115674507,118
2900,overall,2744.969727,0.6885592151142312,118
2900,overall,2745.813477,1.0154490444803315,118
2900,overall,2746.658203,0.11235878639041895,118
2900,overall,2747.501953,1.2151621700480466,118
2900,overall,2748.344727,3.856546298058234,118
2900,overall,2749.188477,8.718360517281562,118
2900,overall,2750.032227,10.461483283004624,118
2900,overall,2750.875,12.573534275303857,118
2900,overall,2751.717773,11.362190452506299,118
2900,overall,2752.560547,10.745411486427786,118
2900,overall,2753.40332,11.9679604441244,118
2900,overall,2754.246094,9.477498486074914,118
2900,overall,2755.087891,10.819359164720296,118
2900,overall,2755.929688,8.757536689044253,118
2900,overall,2756.772461,8.441447334637678,118
2900,overall,2757.614258,7.632108241290042,118
2900,overall,2758.455078,7.259301015333422,118
2900,overall,2759.296875,8.507841197056516,118
2900,overall,2760.137695,8.135266139118661,118
2900,overall,2760.979492,13.216021482792078,118
2900,overall,2761.820313,12.842236908534792,118
2900,overall,2762.661133,13.155378163184595,118
2900,overall,2763.501953,13.966569185784083,118
2900,overall,2764.341797,11.403092836909268,118
2900,overall,2765.182617,13.267373650444226,118
2900,overall,2766.022461,7.348302107782336,118
2900,overall,2766.862305,9.584391319605784,118
2900,overall,2767.702148,5.181124521300256,118
2900,overall,2768.541992,7.486202225937647,118
2900,overall,2769.380859,7.338550066562744,118
2900,overall,2770.220703,8.025933282699478,118
2900,overall,2771.05957,13.364987178786599,118
2900,overall,2771.898438,9.538692780402537,118
2900,overall,2772.737305,12.51380998430018,118
2900,overall,2773.576172,10.379387808178086,118
2900,overall,2774.415039,8.234061224358026,118
2900,overall,2775.25293,7.876979205720344,118
2900,overall,2776.09082,7.050901926621444,118
2900,overall,2776.929688,7.29859716598676,118
2900,overall,2777.766602,6.826053299066918,118
2900,overall,2778.604492,8.8315396329596,118
2900,overall,2779.442383,10.46102003293917,118
2900,overall,2780.279297,11.058063547130178,118
2900,overall,2781.117188,12.560528053504518,118
2900,overall,2781.954102,9.591809755483464,118
2900,overall,2782.791016,11.089486067261774,118
2900,overall,2783.626953,5.1036886054106825,118
2900,overall,2784.463867,5.728383201860639,118
2900,overall,2785.299805,4.290153695067351,118
2900,overall,2786.136719,5.354881698477832,118
2900,overall,2786.972656,6.634250613819684,118
2900,overall,2787.808594,5.752348855052243,118
2900,overall,2788.644531,6.839055503274896,118
2900,overall,2789.479492,5.596583197675879,118
2900,overall,2790.31543,6.135939758988518,118
2900,overall,2791.150391,7.271894794105446,118
2900,overall,2791.985352,7.599790970242271,118
2900,overall,2792.820313,7.953580147563237,118
2900,overall,2793.655273,6.574455590912087,118
2900,overall,2794.489258,7.266245730529721,118
2900,overall,2795.324219,5.891614362595876,118
2900,overall,2796.158203,5.986534001259218,118
2900,overall,2796.992188,5.759535542335726,118
2900,overall,2797.826172,6.040603629832796,118
2900,overall,2798.660156,6.747566023358173,118
2900,overall,2799.493164,5.201670212265138,118
2900,overall,2800.327148,6.4524195283991,118
2900,overall,2801.160156,5.914968061704342,118
2900,overall,2801.993164,7.574405946479334,118
2900,overall,2802.826172,7.85778881446072,118
2900,overall,2803.65918,8.013462746214188,118
2900,overall,2804.492188,9.912581713315259,118
2900,overall,2805.324219,7.752002919969315,118
2900,overall,2806.15625,8.1709944347117,118
2900,overall,2806.989258,6.6861419696939866,118
2900,overall,2807.821289,6.273400037450908,118
2900,overall,2808.652344,5.573582640438841,118
2900,overall,2809.484375,5.67232212974754,118
2900,overall,2810.31543,7.682716702820204,118
2900,overall,2811.147461,6.031654638018765,118
2900,overall,2811.978516,6.963846619710702,118
2900,overall,2812.80957,6.991821794849293,118
2900,overall,2813.640625,7.717715187294811,118
2900,overall,2814.470703,8.439041852242994,118
2900,overall,2815.301758,9.179122253639772,118
2900,overall,2816.131836,12.308769258302798,118
2900,overall,2816.961914,9.992661618712244,118
2900,overall,2817.791992,10.149001069205063,118
2900,overall,2818.62207,8.51559477576963,118
2900,overall,2819.452148,8.167854826857168,118
2900,overall,2820.28125,6.474905081804741,118
2900,overall,2821.111328,4.9195527284646765,118
2900,overall,2821.94043,5.205290818867946,118
2900,overall,2822.769531,4.71188854888977,118
2900,overall,2823.598633,4.921698231236973,118
2900,overall,2824.426758,3.7119283911194945,118
2900,overall,2825.255859,2.5154391588621574,118
2900,overall,2826.083984,1.660745421280561,118
2900,overall,2826.912109,1.3640551476202005,118
2900,overall,2827.740234,0.9691966784264937,118
2900,overall,2828.568359,0.5497921594349026,118
2900,overall,2829.396484,0.3841665242335638,118
2900,overall,2830.223633,0.27798120667638276,118
2900,overall,2831.051758,0.5061869769949058,118
2900,overall,2831.878906,0.5754495076793417,118
2900,overall,2832.706055,0.5369950634188525,118
2900,overall,2833.533203,0.2755409046946004,118
2900,overall,2834.359375,1.495663125805988,118
2900,overall,2835.186523,2.3154374976023244,118
2900,overall,2836.012695,2.3308221949238583,118
2900,overall,2836.839844,3.094021431866266,118
2900,overall,2837.666016,2.2880979332130726,118
2900,overall,2838.492188,0.9045912762331081,118
2900,overall,2839.317383,0.14880444614037186,118
2900,overall,2840.143555,0.49112810993404693,118
2900,overall,2840.96875,1.811662510104413,118
2900,overall,2841.794922,2.298616468059825,118
2900,overall,2842.620117,3.0824421736594427,118
2900,overall,2843.445313,4.252387063220054,118
2900,overall,2844.269531,6.158818843892313,118
2900,overall,2845.094727,9.27966026390023,118
2900,overall,2845.918945,12.570503946771492,118
2900,overall,2846.744141,13.086049526406805,118
2900,overall,2847.568359,12.965207156595117,118
2900,overall,2848.392578,13.07341795041752,118
2900,overall,2849.21582,11.996494572966041,118
2900,overall,2850.040039,10.717384018795832,118
2900,overall,2850.864258,10.120237282761627,118
2900,overall,2851.6875,9.768545418308715,118
2900,overall,2852.510742,9.39219087533941,118
2900,overall,2853.333984,8.366185138692217,118
2900,overall,2854.157227,8.632721641482409,118
2900,overall,2854.979492,8.392159996479313,118
2900,overall,2855.802734,8.15349057645802,118
2900,overall,2856.625,8.019719089170348,118
2900,overall,2857.447266,6.874314293722179,118
2900,overall,2858.269531,5.7717630734692476,118
2900,overall,2859.091797,4.246169864679906,118
2900,overall,2859.914063,3.3380031611724394,118
2900,overall,2860.736328,2.1869231827810354,118
2900,overall,2861.557617,1.7288132653563082,118
2900,overall,2862.378906,1.15169161856328,118
2900,overall,2863.200195,0.5759248405938756,118
2900,overall,2864.021484,0.754653977369834,118
2900,overall,2864.842773,1.882545002751746,118
2900,overall,2865.663086,3.5197715130052023,118
2900,overall,2866.484375,5.11824272358324,118
2900,overall,2867.304688,7.142824705233336,118
2900,overall,2868.125,9.02579490513626,118
2900,overall,2868.945313,11.360135539928788,118
2900,overall,2869.765625,10.566047094969027,118
2900,overall,2870.584961,9.156624259729549,118
2900,overall,2871.405273,8.440615021318301,118
2900,overall,2872.224609,7.242596044598661,118
2900,overall,2873.043945,4.680241989435856,118
2900,overall,2873.863281,5.409358156371019,118
2900,overall,2874.682617,9.056847402159038,118
2900,overall,2875.501953,5.163456038880358,118
2900,overall,2876.320313,2.624234573324369,118
2900,overall,2877.138672,1.2936827795584287,118
2900,overall,2877.958008,0.39184289602746597,118
2900,overall,2878.776367,0.01707855939112036,118
2900,overall,2879.59375,1.1729171448336848,118
2900,overall,2880.412109,9.554502422339999,118
2900,overall,2881.230469,15.03790097445154,118
2900,overall,2882.047852,11.265693255768063,118
2900,overall,2882.865234,7.344873677521889,118
2900,overall,2883.682617,5.923050693358351,118
2900,overall,2884.5,3.3544247560108857,118
2900,overall,2885.317383,1.2367860500665615,118
2900,overall,2886.133789,1.395446946762658,118
2900,overall,2886.951172,10.041534208565162,118
2900,overall,2887.767578,8.267347835711425,118
2900,overall,2888.583984,6.199919041094346,118
2900,overall,2889.400391,6.985787261567528,118
2900,overall,2890.216797,6.947592022968662,118
2900,overall,2891.032227,7.976407720977147,118
2900,overall,2891.848633,9.479357134587234,118
2900,overall,2892.664063,10.278855793650587,118
2900,overall,2893.479492,11.745802839307077,118
2900,overall,2894.294922,11.355199899886568,118
2900,overall,2895.110352,11.921471137428364,118
2900,overall,2895.925781,11.241579217750779,118
2900,overall,2896.740234,11.025418104328605,118
2900,overall,2897.555664,10.591281973000621,118
2900,overall,2898.370117,10.006213182949601,118
2900,overall,2899.18457,10.181991551791558,118
2900,overall,2899.999023,9.614801978403612,118
2900,overall,2900.8125,9.702587091544261,118
2900,overall,2901.626953,8.689266474416883,118
2900,overall,2902.44043,8.514114603729139,118
2900,overall,2903.254883,8.06882658325326,118
2900,overall,2904.068359,7.537877508834269,118
2900,overall,2904.881836,8.241473138731978,118
2900,overall,2905.694336,8.368235756760237,118
2900,overall,2906.507813,9.162423999292912,118
2900,overall,2907.320313,9.779382475253373,118
2900,overall,2908.133789,10.343790086192007,118
2900,overall,2908.946289,10.714843551998227,118
2900,overall,2909.758789,11.395018720016656,118
2900,overall,2910.571289,12.121165233022689,118
2900,overall,2911.382813,12.538597199407745,118
2900,overall,2912.195313,13.69537121492442,118
2900,overall,2913.006836,13.831390770219915,118
2900,overall,2913.818359,14.605324846748845,118
2900,overall,2914.630859,14.266361141956484,118
2900,overall,2915.441406,13.69000480280804,118
2900,overall,2916.25293,12.38710644723963,118
2900,overall,2917.064453,11.31353737702953,118
2900,overall,2917.875,11.209840368956336,118
2900,overall,2918.685547,10.776719615579111,118
2900,overall,2919.496094,11.47404237193829,118
2900,overall,2920.306641,11.353759601943711,118
2900,overall,2921.117188,11.48239898491097,118
2900,overall,2921.927734,11.676855816925992,118
2900,overall,2922.737305,12.223757880000168,118
2900,overall,2923.547852,11.92753473101234,118
2900,overall,2924.357422,11.639887150577758,118
2900,overall,2925.166992,11.566832957245232,118
2900,overall,2925.976563,11.362132487814788,118
2900,overall,2926.785156,11.448452654026045,118
2900,overall,2927.594727,12.009490752940604,118
2900,overall,2928.40332,12.491256498472886,118
2900,overall,2929.211914,13.27358272852415,118
2900,overall,2930.021484,13.787978814990225,118
2900,overall,2930.829102,14.463775142194729,118
2900,overall,2931.637695,13.69438319420573,118
2900,overall,2932.446289,13.54937504943521,118
2900,overall,2933.253906,11.96052458689778,118
2900,overall,2934.0625,10.847380844226162,118
2900,overall,2934.870117,9.51938785567412,118
2900,overall,2935.677734,8.764007280159815,118
2900,overall,2936.485352,8.522435687032576,118
2900,overall,2937.291992,7.7177248550479876,118
2900,overall,2938.099609,6.982370955303429,118
2900,overall,2938.90625,6.1657992681531555,118
2900,overall,2939.712891,5.8724265656038686,118
2900,overall,2940.519531,5.747684023439523,118
2900,overall,2941.326172,5.729012926838301,118
2900,overall,2942.132813,5.93094832019292,118
2900,overall,2942.939453,5.68060480581217,118
2900,overall,2943.745117,5.568691290442577,118
2900,overall,2944.550781,5.758621250118964,118
2900,overall,2945.356445,5.732555866074999,118
2900,overall,2946.162109,5.388666852094033,118
2900,overall,2946.967773,5.691087122385701,118
2900,overall,2947.773438,5.838969724108545,118
2900,overall,2948.578125,5.905488537994079,118
2900,overall,2949.383789,6.456520315252636,118
2900,overall,2950.188477,6.331688615088216,118
2900,overall,2950.993164,5.682876125793786,118
2900,overall,2951.797852,5.161872449416956,118
2900,overall,2952.602539,5.605382859012126,118
2900,overall,2953.40625,5.301669361103763,118
2900,overall,2954.210938,5.032210063023669,118
2900,overall,2955.014648,5.00035498875932,118
2900,overall,2955.818359,5.061195342568165,118
2900,overall,2956.62207,5.325408936663916,118
2900,overall,2957.425781,6.066704104136426,118
2900,overall,2958.229492,7.231049883606242,118
2900,overall,2959.032227,7.4236719977781975,118
2900,overall,2959.834961,7.988242663562992,118
2900,overall,2960.638672,8.922956997003064,118
2900,overall,2961.441406,8.551733200094587,118
2900,overall,2962.244141,7.93639699539204,118
2900,overall,2963.045898,6.794473219461618,118
2900,overall,2963.848633,6.38276512973705,118
2900,overall,2964.650391,5.005338685814351,118
2900,overall,2965.453125,4.211767594438007,118
2900,overall,2966.254883,3.622510856241135,118
2900,overall,2967.056641,3.020658920400783,118
2900,overall,2967.858398,2.966765327137782,118
2900,overall,2968.65918,3.002050708461196,118
2900,overall,2969.460938,3.001688453833995,118
2900,overall,2970.261719,3.093062632604231,118
2900,overall,2971.0625,3.2518464717918367,118
2900,overall,2971.863281,3.1074325565498033,118
2900,overall,2972.664063,2.83657952238018,118
2900,overall,2973.464844,2.979756153814601,118
2900,overall,2974.265625,3.3136397802822923,118
2900,overall,2975.06543,3.1555712472285866,118
2900,overall,2975.865234,3.801046892590896,118
2900,overall,2976.666016,4.090026890243689,118
2900,overall,2977.46582,4.354277318286494,118
2900,overall,2978.264648,4.259673989132886,118
2900,overall,2979.064453,4.580877144939149,118
2900,overall,2979.864258,4.494646561681403,118
2900,overall,2980.663086,4.241204188839002,118
2900,overall,2981.461914,4.680323489900216,118
2900,overall,2982.260742,4.530449186523654,118
2900,overall,2983.05957,3.9990876804966367,118
2900,overall,2983.858398,3.4460882914532642,118
2900,overall,2984.657227,3.3415587519750716,118
2900,overall,2985.455078,2.350627360037517,118
2900,overall,2986.253906,2.633390156614528,118
2900,overall,2987.051758,3.015344058055067,118
2900,overall,2987.849609,3.6545126743219836,118
2900,overall,2988.647461,4.570110579496495,118
2900,overall,2989.444336,5.542504234411512,118
2900,overall,2990.242188,6.313750257204691,118
2900,overall,2991.039063,5.654354081337493,118
2900,overall,2991.836914,5.834623453478265,118
2900,overall,2992.633789,4.165583715436333,118
2900,overall,2993.430664,2.607575720243862,118
2900,overall,2994.227539,1.864611782935707,118
2900,overall,2995.023438,0.8608386882989912,118
2900,overall,2995.820313,0.37182797438904003,118
2900,overall,2996.616211,0.5622861484564187,118
2900,overall,2997.412109,1.6424578620157295,118
2900,overall,2998.208008,2.219858619152159,118
2900,overall,2999.003906,4.918021635973393,118
2900,overall,2999.799805,6.517074849819596,118
2900,overall,3000.595703,6.556150677650756,118
2900,overall,3001.390625,5.943394089036903,118
2900,overall,3002.185547,6.0947603049770604,118
2900,overall,3002.981445,5.950777883593188,118
2900,overall,3003.776367,5.497805784739265,118
2900,overall,3004.571289,5.737564968011148,118
2900,overall,3005.365234,5.224017678843003,118
2900,overall,3006.160156,4.54764158905879,118
2900,overall,3006.954102,4.496574672070358,118
2900,overall,3007.748047,3.3800500067670547,118
2900,overall,3008.542969,3.6289900869066245,118
2900,overall,3009.336914,4.6596024517834875,118
2900,overall,3010.129883,5.133565615984753,118
2900,overall,3010.923828,6.013029838680693,118
2900,overall,3011.717773,6.1132263119149926,118
2900,overall,3012.510742,5.581736603796359,118
2900,overall,3013.303711,5.756473560194648,118
2900,overall,3014.09668,6.47390776240232,118
2900,overall,3014.889648,6.5816593157335905,118
2900,overall,3015.682617,7.8503699082394744,118
2900,overall,3016.474609,9.67729892136214,118
2900,overall,3017.267578,9.036816886582763,118
2900,overall,3018.05957,8.553646541707943,118
2900,overall,3018.851563,8.388642168280983,118
2900,overall,3019.643555,8.341220643937271,118
2900,overall,3020.435547,6.569398946110622,118
2900,overall,3021.227539,6.5845869243996775,118
2900,overall,3022.019531,6.344203853897994,118
2900,overall,3022.810547,5.74176912011642,118
2900,overall,3023.601563,5.97407143910046,118
2900,overall,3024.392578,6.0835006882697416,118
2900,overall,3025.183594,5.742623319579609,118
2900,overall,3025.974609,5.422710845042037,118
2900,overall,3026.765625,5.814890422912772,118
2900,overall,3027.555664,5.526922732510163,118
2900,overall,3028.34668,5.290010424219023,118
2900,overall,3029.136719,5.658062267930224,118
2900,overall,3029.926758,5.566634293203114,118
2900,overall,3030.716797,5.334995404747925,118
2900,overall,3031.506836,5.075337826261139,118
2900,overall,3032.296875,5.38047754900864,118
2900,overall,3033.085938,4.754090521874829,118
2900,overall,3033.875,4.750192531420737,118
2900,overall,3034.665039,4.940308221096298,118
2900,overall,3035.454102,5.354726795814236,118
2900,overall,3036.243164,5.593733533426333,118
2900,overall,3037.03125,5.4544451246227,118
2900,overall,3037.820313,5.22554300519013,118
2900,overall,3038.608398,4.976745157490897,118
2900,overall,3039.397461,4.9162538502870365,118
2900,overall,3040.185547,5.029149949260842,118
2900,overall,3040.973633,4.987266402594982,118
2900,overall,3041.761719,5.114794708906274,118
2900,overall,3042.548828,5.733390145649483,118
2900,overall,3043.336914,5.878974130970248,118
2900,overall,3044.124023,5.799856904241993,118
2900,overall,3044.912109,5.9973713802312085,118
2900,overall,3045.699219,5.749945047044527,118
2900,overall,3046.486328,5.714266429543057,118
2900,overall,3047.273438,5.5615402147311706,118
2900,overall,3048.05957,5.487893961714968,118
2900,overall,3048.84668,5.029611049161729,118
2900,overall,3049.632813,4.535320318892983,118
2900,overall,3050.418945,4.289466018070521,118
2900,overall,3051.206055,3.186784919741553,118
2900,overall,3051.992188,2.8978821115837476,118
2900,overall,3052.777344,3.1218175785219713,118
2900,overall,3053.563477,3.126342795643357,118
2900,overall,3054.348633,3.7158091836102014,118
2900,overall,3055.134766,4.494402949180536,118
2900,overall,3055.919922,4.897883690003627,118
2900,overall,3056.705078,4.950579931763387,118
2900,overall,3057.490234,5.160062770814881,118
2900,overall,3058.275391,5.244933865532235,118
2900,overall,3059.05957,4.768433213442003,118
2900,overall,3059.844727,5.05407061747605,118
2900,overall,3060.628906,5.141671045956784,118
2900,overall,3061.413086,4.928747226450125,118
2900,overall,3062.198242,5.284171409005798,118
2900,overall,3062.981445,5.738902503506931,118
2900,overall,3063.765625,5.623539800909874,118
2900,overall,3064.549805,5.313266012658606,118
2900,overall,3065.333008,5.00722871425109,118
2900,overall,3066.117188,4.455447784517897,118
2900,overall,3066.900391,4.277958215125758,118
2900,overall,3067.683594,4.132724847030284,118
2900,overall,3068.466797,3.414352874679111,118
2900,overall,3069.249023,3.2419319244922615,118
2900,overall,3070.032227,3.650574911189332,118
2900,overall,3070.814453,4.1141202764077685,118
2900,overall,3071.597656,4.1910538816482115,118
2900,overall,3072.379883,4.399913447239814,118
2900,overall,3073.162109,4.435700334555442,118
2900,overall,3073.944336,4.692473394110375,118
2900,overall,3074.725586,5.31149056603856,118
2900,overall,3075.507813,5.229309312751406,118
2900,overall,3076.289063,5.0059094390538785,118
2900,overall,3077.071289,5.32304443922261,118
2900,overall,3077.852539,4.931017447859126,118
2900,overall,3078.633789,4.280482293896626,118
2900,overall,3079.414063,3.6829116266614013,118
2900,overall,3080.195313,3.5488886979190033,118
2900,overall,3080.976563,4.813381565799492,118
2900,overall,3081.756836,5.443599885172993,118
2900,overall,3082.537109,5.6172273233689545,118
2900,overall,3083.317383,6.928361821394371,118
2900,overall,3084.097656,6.9337311077951,118
2900,overall,3084.87793,6.519942271053485,118
2900,overall,3085.658203,6.512025968894816,118
2900,overall,3086.4375,6.079072346547372,118
2900,overall,3087.217773,4.2143123885565235,118
2900,overall,3087.99707,3.938273546328216,118
2900,overall,3088.776367,3.5964667633082623,118
2900,overall,3089.555664,4.077521132699174,118
2900,overall,3090.334961,5.756172044069674,118
2900,overall,3091.114258,9.038333413468763,118
2900,overall,3091.892578,11.95114899152717,118
2900,overall,3092.670898,16.058017947277097,118
2900,overall,3093.450195,17.069333896648786,118
2900,overall,3094.228516,10.110223408122769,118
2900,overall,3095.006836,5.8749950549805,118
2900,overall,3095.78418,4.477035168861608,118
2900,overall,3096.5625,3.665041457509994,118
2900,overall,3097.34082,3.9429034160470424,118
2900,overall,3098.118164,4.569655446183324,118
2900,overall,3098.895508,5.7353558699284575,118
2900,overall,3099.672852,7.971619040059649,118
2900,overall,3100.450195,7.21772575453119,118
2900,overall,3101.227539,6.153413985123048,118
2900,overall,3102.004883,4.249079139412574,118
2900,overall,3102.78125,2.3643590314267158,118
2900,overall,3103.557617,2.3960084300850566,118
2900,overall,3104.334961,4.453413155087431,118
2900,overall,3105.111328,8.469218157105276,118
2900,overall,3105.887695,12.59407613416343,118
2900,overall,3106.663086,12.466818207253736,118
2900,overall,3107.439453,11.16428749004548,118
2900,overall,3108.214844,10.378342822923772,118
2900,overall,3108.991211,7.840983994599247,118
2900,overall,3109.766602,5.214237874909994,118
2900,overall,3110.541992,4.361643947742538,118
2900,overall,3111.317383,3.7726733908253607,118
2900,overall,3112.092773,6.3579634129167655,118
2900,overall,3112.867188,10.500706288682606,118
2900,overall,3113.642578,13.624310753434699,118
2900,overall,3114.416992,12.30503012110021,118
2900,overall,3115.191406,10.76726948334329,118
2900,overall,3115.96582,10.83390908935855,118
2900,overall,3116.740234,10.080103306047402,118
2900,overall,3117.514648,12.153004327920414,118
2900,overall,3118.289063,11.187875954323507,118
2900,overall,3119.0625,9.462595995446911,118
2900,overall,3119.835938,12.14067285175203,118
2900,overall,3120.610352,14.042835574888725,118
2900,overall,3121.383789,14.01510924482849,118
2900,overall,3122.15625,13.77338486257139,118
2900,overall,3122.929688,12.52354598708541,118
2900,overall,3123.703125,8.430964604062172,118
2900,overall,3124.475586,7.356026252405672,118
2900,overall,3125.249023,6.809232004122925,118
2900,overall,3126.021484,7.5786914511965895,118
2900,overall,3126.793945,9.829081390417153,118
2900,overall,3127.566406,11.376728600675342,118
2900,overall,3128.337891,11.083406951039157,118
2900,overall,3129.110352,10.73342105705674,118
2900,overall,3129.882813,9.85922033449102,118
2900,overall,3130.654297,8.55160153710337,118
2900,overall,3131.425781,8.165772058012529,118
2900,overall,3132.197266,9.424610879134358,118
2900,overall,3132.96875,8.090788609388408,118
2900,overall,3133.740234,7.308591458610352,118
2900,overall,3134.510742,7.015296137191873,118
2900,overall,3135.282227,6.766747100555372,118
2900,overall,3136.052734,7.1734887848978754,118
2900,overall,3136.823242,8.126875470193493,118
2900,overall,3137.59375,8.282334618361467,118
2900,overall,3138.364258,8.209230594981495,118
2900,overall,3139.134766,9.753695914241751,118
2900,overall,3139.905273,8.836873069573544,118
2900,overall,3140.674805,7.253671089310653,118
2900,overall,3141.444336,6.023685479797509,118
2900,overall,3142.213867,5.1990360907997015,118
2900,overall,3142.984375,6.78078527682093,118
2900,overall,3143.75293,10.923603568898319,118
2900,overall,3144.522461,13.715472865625069,118
2900,overall,3145.291992,13.165476265220981,118
2900,overall,3146.060547,14.298688284747161,118
2900,overall,3146.830078,12.548291859379193,118
2900,overall,3147.598633,11.886322965242126,118
2900,overall,3148.367188,11.496612120027764,118
2900,overall,3149.135742,11.34931789785414,118
2900,overall,3149.90332,9.765342073271245,118
2900,overall,3150.671875,10.611615049276443,118
2900,overall,3151.439453,7.009275780133785,118
2900,overall,3152.208008,4.1689853428977655,118
2900,overall,3152.975586,2.7559306982423784,118
2900,overall,3153.743164,3.4905189200889843,118
2900,overall,3154.510742,5.213143672200143,118
2900,overall,3155.27832,8.734380675016746,118
2900,overall,3156.044922,13.504944394639672,118
2900,overall,3156.8125,11.403121674083316,118
2900,overall,3157.579102,11.9966670022084,118
2900,overall,3158.345703,12.921874596813833,118
2900,overall,3159.112305,13.849880939821492,118
2900,overall,3159.878906,13.105229702879045,118
2900,overall,3160.645508,4.861129187789074,118
2900,overall,3161.412109,0.9659024235455338,118
2900,overall,3162.177734,1.551597971394975,118
2900,overall,3162.943359,1.805157102582874,118
2900,overall,3163.709961,1.742728262982694,118
2900,overall,3164.475586,1.661398906428538,118
2900,overall,3165.241211,1.0309805909740197,118
2900,overall,3166.005859,0.4737633687720937,118
2900,overall,3166.771484,0.8617055781694539,118
2900,overall,3167.537109,2.9588909582156546,118
2900,overall,3168.301758,7.103615350523603,118
2900,overall,3169.066406,9.618961860776048,118
2900,overall,3169.831055,6.019963482905966,118
2900,overall,3170.595703,5.861642613957905,118
2900,overall,3171.360352,4.031786016220527,118
2900,overall,3172.125,3.125522071132908,118
2900,overall,3172.888672,3.236935911802441,118
2900,overall,3173.652344,3.1767965998909022,118
2900,overall,3174.416992,2.9013015300815446,118
2900,overall,3175.180664,2.592646090963468,118
2900,overall,3175.944336,1.6654581067799794,118
2900,overall,3176.707031,0.43841342440223885,118
2900,overall,3177.470703,0.08139315030457416,118
2900,overall,3178.234375,0.0883148471624728,118
2900,overall,3178.99707,0.5546486456925525,118
2900,overall,3179.759766,0.7859436978499683,118
2900,overall,3180.522461,0.5625438421254529,118
2900,overall,3181.285156,0.09438523200400073,118
2900,overall,3182.047852,0.11741170535460888,118
2900,overall,3182.810547,0.6299527318790468,118
2900,overall,3183.572266,1.2163151830505796,118
2900,overall,3184.334961,1.602298052596052,118
2900,overall,3185.09668,1.0991816687337341,118
2900,overall,3185.858398,0.6144969646172596,118
2900,overall,3186.620117,0.5350311522125204,118
2900,overall,3187.381836,0.44743501257259477,118
2900,overall,3188.142578,0.5462838695713326,118
2900,overall,3188.904297,0.7342075308131442,118
2900,overall,3189.665039,0.7507334190290348,118
2900,overall,3190.425781,0.9007162040908637,118
2900,overall,3191.1875,1.3902191872366905,118
2900,overall,3191.948242,1.1554435859660714,118
2900,overall,3192.708008,1.1394278226949517,118
2900,overall,3193.46875,1.3620356319382503,118
2900,overall,3194.229492,1.6241059718937265,118
2900,overall,3194.989258,1.37924194729363,118
2900,overall,3195.749023,1.702045751160219,118
2900,overall,3196.508789,2.060358607370567,118
2900,overall,3197.268555,1.8530344369846106,118
2900,overall,3198.02832,1.7840214055384342,118
2900,overall,3198.788086,1.8548193079730937,118
2900,overall,3199.546875,2.0608553791479274,118
2900,overall,3200.306641,2.2969300161846284,118
2900,overall,3201.06543,2.9072004461291274,118
2900,overall,3201.824219,2.6289075047251753,118
2900,overall,3202.583008,2.956268982174753,118
2900,overall,3203.341797,2.7829191062779697,118
2900,overall,3204.100586,2.7998900659318853,118
2900,overall,3204.858398,2.0086025921281827,118
2900,overall,3205.617188,1.4584024460259135,118
2900,overall,3206.375,1.266696664865365,118
2900,overall,3207.132813,1.0164790129548638,118
2900,overall,3207.890625,1.0434407418789757,118
2900,overall,3208.648438,1.2139824402881716,118
2900,overall,3209.40625,1.3093733356212849,118
2900,overall,3210.164063,1.7901365769027233,118
2900,overall,3210.920898,2.184058064172509,118
2900,overall,3211.677734,2.6139339119641725,118
2900,overall,3212.43457,2.6090145891479812,118
2900,overall,3213.191406,2.6904605323065236,118
2900,overall,3213.948242,2.931983539803005,118
2900,overall,3214.705078,2.4991275708177616,118
2900,overall,3215.461914,2.5563773732227864,118
2900,overall,3216.217773,2.5090233377116977,118
2900,overall,3216.973633,2.395656956362963,118
2900,overall,3217.730469,2.8441506139666535,118
2900,overall,3218.486328,3.0763663650950472,118
2900,overall,3219.242188,3.659052383185003,118
2900,overall,3219.99707,3.716780459879948,118
2900,overall,3220.75293,3.755979999178881,118
2900,overall,3221.507813,3.512088843366948,118
2900,overall,3222.263672,2.9351459788446985,118
2900,overall,3223.018555,2.181374335811587,118
2900,overall,3223.773438,1.9998421797846764,118
2900,overall,3224.52832,1.6168047246828983,118
2900,overall,3225.283203,1.7261899968568848,118
2900,overall,3226.037109,1.867967654480657,118
2900,overall,3226.791992,2.5348697598503063,118
2900,overall,3227.545898,2.998992926412202,118
2900,overall,3228.299805,3.273362001366853,118
2900,overall,3229.053711,3.621760592711575,118
2900,overall,3229.807617,3.2960347136668515,118
2900,overall,3230.561523,3.1719412630164605,118
2900,overall,3231.31543,2.96619787156244,118
2900,overall,3232.068359,2.3304855930324773,118
2900,overall,3232.822266,1.3420890011930835,118
2900,overall,3233.575195,0.9925246522667504,118
2900,overall,3234.328125,0.895221201112788,118
2900,overall,3235.081055,1.294163045452876,118
2900,overall,3235.833984,1.7813827156516613,118
2900,overall,3236.585938,2.5203938771660668,118
2900,overall,3237.338867,3.059516971215015,118
2900,overall,3238.09082,3.9360842988961453,118
2900,overall,3238.84375,4.177759874220904,118
2900,overall,3239.595703,4.0341584871535385,118
2900,overall,3240.347656,3.861579494727882,118
2900,overall,3241.099609,3.303460786477273,118
2900,overall,3241.850586,3.1906757424178065,118
2900,overall,3242.602539,2.345844712474815,118
2900,overall,3243.353516,2.285474045818485,118
2900,overall,3244.104492,1.2633415232135472,118
2900,overall,3244.856445,1.1576054972789613,118
2900,overall,3245.607422,1.0429448030005242,118
2900,overall,3246.357422,1.4075353133621242,118
2900,overall,3247.108398,1.7251254131010072,118
2900,overall,3247.859375,2.0773028289212236,118
2900,overall,3248.609375,2.6132801282211755,118
2900,overall,3249.359375,2.9210350116462216,118
2900,overall,3250.109375,2.597426617074898,118
2900,overall,3250.859375,2.597771288908681,118
2900,overall,3251.609375,1.8226013462748534,118
2900,overall,3252.359375,1.630762962512843,118
2900,overall,3253.109375,1.2160013534706124,118
2900,overall,3253.858398,1.2444015715863137,118
2900,overall,3254.607422,1.6065908499490322,118
2900,overall,3255.357422,1.7159827646658765,118
2900,overall,3256.106445,2.3086541372003926,118
2900,overall,3256.854492,1.616773943741649,118
2900,overall,3257.603516,1.031087481291942,118
2900,overall,3258.352539,0.4787427936288444,118
2900,overall,3259.100586,0.23916434673348624,118
2900,overall,3259.849609,0.5854038733293814,118
2900,overall,3260.597656,1.5100778524028893,118
2900,overall,3261.345703,2.301194569998428,118
2900,overall,3262.09375,3.2438253504543497,118
2900,overall,3262.84082,6.373268845893517,118
2900,overall,3263.588867,8.503259100454438,118
2900,overall,3264.335938,9.59951062291997,118
2900,overall,3265.083984,10.57853212843132,118
2900,overall,3265.831055,8.644401789512216,118
2900,overall,3266.578125,6.809253942260608,118
2900,overall,3267.325195,3.375446627359425,118
2900,overall,3268.072266,2.4015663261244007,118
2900,overall,3268.818359,1.5693634911653895,118
2900,overall,3269.56543,2.057081953917864,118
2900,overall,3270.311523,3.329397533428838,118
2900,overall,3271.057617,5.612435444636585,118
2900,overall,3271.803711,6.539250241284951,118
2900,overall,3272.549805,6.519471213220734,118
2900,overall,3273.295898,7.29941687150786,118
2900,overall,3274.041992,6.006996293218585,118
2900,overall,3274.787109,7.221154570242948,118
2900,overall,3275.533203,7.380898173350224,118
2900,overall,3276.27832,7.915317723582661,118
2900,overall,3277.023438,7.031863109735161,118
2900,overall,3277.768555,7.311583330732433,118
2900,overall,3278.513672,7.82114285898477,118
2900,overall,3279.257813,7.009707571372389,118
2900,overall,3280.00293,5.978609712117655,118
2900,overall,3280.74707,6.533804974528272,118
2900,overall,3281.491211,6.153338173792898,118
2900,overall,3282.236328,5.850572681604488,118
2900,overall,3282.980469,5.793397656180018,118
2900,overall,3283.723633,5.93418603567909,118
2900,overall,3284.467773,6.039766536646174,118
