run_id,created_utc,experiment_name,center,sample_level,model_family,n_samples,macro_f1,balanced_accuracy,auc_ovr_macro,accuracy,config_hash_sha256,data_fingerprint_sha256,git_commit,git_dirty
20260307_031224_p2lk_1500_ramannet_ss11__h2ta_c-mk2a__e-mend3__x-mexo3_s42__m01_p2lk_1500_ramannet_ss11__1500,2026-03-07T03:12:24.304889+00:00,p2lk_1500_ramannet_ss11__h2ta_c-mk2a__e-mend3__x-mexo3_s42__m01_p2lk_1500_ramannet_ss11__1500,1500,file_mean,ramannet,118,0.679266065970706,0.6785714285714285,0.8476464148877941,0.6818181818181818,c45dd3aae8a29d2078d672fc2e6afaf22fb6fe1eda8e5f51b0c33ba4d81ad7f3,348dbaa1bbe453bb47beb1976a4d5c8d724557177dd5a661fe989da06ab81b5d,b50f00604cdd98f561a53fc2772ea5072c8be551,true
20260307_031237_p2lk_1500_ramannet_ss22__h2ta_c-mk2a__e-mend3__x-mexo3_s42__m02_p2lk_1500_ramannet_ss22__1500,2026-03-07T03:12:37.410950+00:00,p2lk_1500_ramannet_ss22__h2ta_c-mk2a__e-mend3__x-mexo3_s42__m02_p2lk_1500_ramannet_ss22__1500,1500,file_mean,ramannet,118,0.638971972969979,0.6507936507936508,0.7992816091954023,0.6477272727272727,9a6117b489b14298cfa47a04575c6ef87eee3ca02e3d4c5313a1d56bb563f52a,348dbaa1bbe453bb47beb1976a4d5c8d724557177dd5a661fe989da06ab81b5d,b50f00604cdd98f561a53fc2772ea5072c8be551,true
20260307_031250_p2lk_1500_ramannet_ss33__h2ta_c-mk2a__e-mend3__x-mexo3_s42__m03_p2lk_1500_ramannet_ss33__1500,2026-03-07T03:12:50.658289+00:00,p2lk_1500_ramannet_ss33__h2ta_c-mk2a__e-mend3__x-mexo3_s42__m03_p2lk_1500_ramannet_ss33__1500,1500,file_mean,ramannet,118,0.7185185185185184,0.7230158730158731,0.8815749863163657,0.7272727272727273,f88a65137181e28b2f5bedf875f0f816a89cf6bc97374c8a7c390216f16f160b,348dbaa1bbe453bb47beb1976a4d5c8d724557177dd5a661fe989da06ab81b5d,b50f00604cdd98f561a53fc2772ea5072c8be551,true
20260307_031304_p2lk_1500_ramannet_ss42__h2ta_c-mk2a__e-mend3__x-mexo3_s42__m04_p2lk_1500_ramannet_ss42__1500,2026-03-07T03:13:04.681528+00:00,p2lk_1500_ramannet_ss42__h2ta_c-mk2a__e-mend3__x-mexo3_s42__m04_p2lk_1500_ramannet_ss42__1500,1500,file_mean,ramannet,118,0.5980524870917853,0.6238095238095238,0.8271688560481664,0.625,6520c734f7e991a3425f0dff21a4c6931c67bc8edc68161d55191be4c23a37a9,348dbaa1bbe453bb47beb1976a4d5c8d724557177dd5a661fe989da06ab81b5d,b50f00604cdd98f561a53fc2772ea5072c8be551,true
20260307_031354_p2lk_2900_trpatch8_ss11__h2ta_c-mk2a__e-mend3__x-mexo3_s42__m01_p2lk_2900_trpatch8_ss11__2900,2026-03-07T03:13:55.177020+00:00,p2lk_2900_trpatch8_ss11__h2ta_c-mk2a__e-mend3__x-mexo3_s42__m01_p2lk_2900_trpatch8_ss11__2900,2900,file_mean,spectral_transformer,118,0.5823529411764706,0.5952380952380952,0.8128352490421454,0.5909090909090909,6c8b689d9a76c99bdeaf76e998f6f38a2fb04289c5820738e7e02b880e7d1386,7d9be1055eaaf9bc147923ff0d06b3763bf12255371ddbff2af558092543e577,b50f00604cdd98f561a53fc2772ea5072c8be551,true
20260307_031444_p2lk_2900_trpatch8_ss22__h2ta_c-mk2a__e-mend3__x-mexo3_s42__m02_p2lk_2900_trpatch8_ss22__2900,2026-03-07T03:14:44.783615+00:00,p2lk_2900_trpatch8_ss22__h2ta_c-mk2a__e-mend3__x-mexo3_s42__m02_p2lk_2900_trpatch8_ss22__2900,2900,file_mean,spectral_transformer,118,0.6490196078431373,0.6619047619047619,0.779604542966612,0.6590909090909091,5b3b705480244953e03c079ff8dda12901a72a7264f47fb03c22c561a0d709f5,7d9be1055eaaf9bc147923ff0d06b3763bf12255371ddbff2af558092543e577,b50f00604cdd98f561a53fc2772ea5072c8be551,true
20260307_031546_p2lk_2900_trpatch8_ss33__h2ta_c-mk2a__e-mend3__x-mexo3_s42__m03_p2lk_2900_trpatch8_ss33__2900,2026-03-07T03:15:46.805282+00:00,p2lk_2900_trpatch8_ss33__h2ta_c-mk2a__e-mend3__x-mexo3_s42__m03_p2lk_2900_trpatch8_ss33__2900,2900,file_mean,spectral_transformer,118,0.6663372859025033,0.6761904761904761,0.7786193212917351,0.6818181818181818,501d7ca033d343fc688273849ba31795e5409f8cb5017086e8bb7025a587c37b,7d9be1055eaaf9bc147923ff0d06b3763bf12255371ddbff2af558092543e577,b50f00604cdd98f561a53fc2772ea5072c8be551,true
20260307_031646_p2lk_2900_trpatch8_ss42__h2ta_c-mk2a__e-mend3__x-mexo3_s42__m04_p2lk_2900_trpatch8_ss42__2900,2026-03-07T03:16:47.100863+00:00,p2lk_2900_trpatch8_ss42__h2ta_c-mk2a__e-mend3__x-mexo3_s42__m04_p2lk_2900_trpatch8_ss42__2900,2900,file_mean,spectral_transformer,118,0.6490196078431373,0.6619047619047619,0.8392446633825944,0.6590909090909091,db3238cff14095ebb0cdc8821930a3a58747844c9b8480f316c535a3a1995de9,7d9be1055eaaf9bc147923ff0d06b3763bf12255371ddbff2af558092543e577,b50f00604cdd98f561a53fc2772ea5072c8be551,true
20260307_031710_p2lk_1500_ramannet_ss11__h2ta_c-mk3__e-mend2a__x-mexo1_s42__m01_p2lk_1500_ramannet_ss11__1500,2026-03-07T03:17:10.481183+00:00,p2lk_1500_ramannet_ss11__h2ta_c-mk3__e-mend2a__x-mexo1_s42__m01_p2lk_1500_ramannet_ss11__1500,1500,file_mean,ramannet,118,0.7641487641487642,0.7546296296296297,0.8940949619653322,0.7777777777777778,d180dd0c75830353b78fbcef55aae75aa0b14bf068621fcd4610639bec1ae450,348dbaa1bbe453bb47beb1976a4d5c8d724557177dd5a661fe989da06ab81b5d,b50f00604cdd98f561a53fc2772ea5072c8be551,true
20260307_031732_p2lk_1500_ramannet_ss22__h2ta_c-mk3__e-mend2a__x-mexo1_s42__m02_p2lk_1500_ramannet_ss22__1500,2026-03-07T03:17:32.830976+00:00,p2lk_1500_ramannet_ss22__h2ta_c-mk3__e-mend2a__x-mexo1_s42__m02_p2lk_1500_ramannet_ss22__1500,1500,file_mean,ramannet,118,0.6649953280090267,0.6638888888888889,0.8243621399176955,0.6777777777777778,b31b7c117b836e0f7507cdd283fc210c27aa43726b71d4a5d8d894219ac5b95c,348dbaa1bbe453bb47beb1976a4d5c8d724557177dd5a661fe989da06ab81b5d,b50f00604cdd98f561a53fc2772ea5072c8be551,true
20260307_031754_p2lk_1500_ramannet_ss33__h2ta_c-mk3__e-mend2a__x-mexo1_s42__m03_p2lk_1500_ramannet_ss33__1500,2026-03-07T03:17:54.122349+00:00,p2lk_1500_ramannet_ss33__h2ta_c-mk3__e-mend2a__x-mexo1_s42__m03_p2lk_1500_ramannet_ss33__1500,1500,file_mean,ramannet,118,0.673938249519645,0.6759259259259259,0.8311644219977553,0.6888888888888889,a320560f2a216f4d529de70039f36e01a2c94d8663a70b60a673e1cb698b5676,348dbaa1bbe453bb47beb1976a4d5c8d724557177dd5a661fe989da06ab81b5d,b50f00604cdd98f561a53fc2772ea5072c8be551,true
20260307_031811_p2lk_1500_ramannet_ss42__h2ta_c-mk3__e-mend2a__x-mexo1_s42__m04_p2lk_1500_ramannet_ss42__1500,2026-03-07T03:18:11.683794+00:00,p2lk_1500_ramannet_ss42__h2ta_c-mk3__e-mend2a__x-mexo1_s42__m04_p2lk_1500_ramannet_ss42__1500,1500,file_mean,ramannet,118,0.6924686910276204,0.7166666666666667,0.8454112108741739,0.6888888888888889,de9880174a40080fe511c6fea9d8188588938143f1b5ba615e9a804f34608d2d,348dbaa1bbe453bb47beb1976a4d5c8d724557177dd5a661fe989da06ab81b5d,b50f00604cdd98f561a53fc2772ea5072c8be551,true
20260307_031908_p2lk_2900_trpatch8_ss11__h2ta_c-mk3__e-mend2a__x-mexo1_s42__m01_p2lk_2900_trpatch8_ss11__2900,2026-03-07T03:19:08.429652+00:00,p2lk_2900_trpatch8_ss11__h2ta_c-mk3__e-mend2a__x-mexo1_s42__m01_p2lk_2900_trpatch8_ss11__2900,2900,file_mean,spectral_transformer,118,0.5925925925925926,0.6277777777777778,0.7948540965207632,0.6,8d234cb5c1819d61060396d871eb6b667a318178f6fda1022e7792b7b654a354,7d9be1055eaaf9bc147923ff0d06b3763bf12255371ddbff2af558092543e577,b50f00604cdd98f561a53fc2772ea5072c8be551,true
20260307_032008_p2lk_2900_trpatch8_ss22__h2ta_c-mk3__e-mend2a__x-mexo1_s42__m02_p2lk_2900_trpatch8_ss22__2900,2026-03-07T03:20:08.982962+00:00,p2lk_2900_trpatch8_ss22__h2ta_c-mk3__e-mend2a__x-mexo1_s42__m02_p2lk_2900_trpatch8_ss22__2900,2900,file_mean,spectral_transformer,118,0.5925925925925926,0.611111111111111,0.7937941139792991,0.6,7b8136d74adae6f380e9814fb25128c736dfbfd0bb93ef558d9121291a6e31a0,7d9be1055eaaf9bc147923ff0d06b3763bf12255371ddbff2af558092543e577,b50f00604cdd98f561a53fc2772ea5072c8be551,true
20260307_032056_p2lk_2900_trpatch8_ss33__h2ta_c-mk3__e-mend2a__x-mexo1_s42__m03_p2lk_2900_trpatch8_ss33__2900,2026-03-07T03:20:57.084334+00:00,p2lk_2900_trpatch8_ss33__h2ta_c-mk3__e-mend2a__x-mexo1_s42__m03_p2lk_2900_trpatch8_ss33__2900,2900,file_mean,spectral_transformer,118,0.6666666666666666,0.6555555555555556,0.7860833645092905,0.6666666666666666,594946ab60deaa1e684b25a3aba63b37914d8c09cf9080dbd78dbf5d7f30965e,7d9be1055eaaf9bc147923ff0d06b3763bf12255371ddbff2af558092543e577,b50f00604cdd98f561a53fc2772ea5072c8be551,true
20260307_032153_p2lk_2900_trpatch8_ss42__h2ta_c-mk3__e-mend2a__x-mexo1_s42__m04_p2lk_2900_trpatch8_ss42__2900,2026-03-07T03:21:53.447385+00:00,p2lk_2900_trpatch8_ss42__h2ta_c-mk3__e-mend2a__x-mexo1_s42__m04_p2lk_2900_trpatch8_ss42__2900,2900,file_mean,spectral_transformer,118,0.5956043956043956,0.6055555555555555,0.8053201770794364,0.6,451e82b718d7ea6de09a46a3cf724eb474dc60f41628e84a2064d3158fd47f38,7d9be1055eaaf9bc147923ff0d06b3763bf12255371ddbff2af558092543e577,b50f00604cdd98f561a53fc2772ea5072c8be551,true
20260307_032214_p2lk_1500_ramannet_ss11__h2ta_c-mk3__e-mend2a__x-mexo2a_s42__m01_p2lk_1500_ramannet_ss11__1500,2026-03-07T03:22:14.972901+00:00,p2lk_1500_ramannet_ss11__h2ta_c-mk3__e-mend2a__x-mexo2a_s42__m01_p2lk_1500_ramannet_ss11__1500,1500,file_mean,ramannet,118,0.7558735837805605,0.7472222222222222,0.8910751028806585,0.75,5d991da155db6f5f04443aa82f90bbe9f1d048c4d18dc7551511d06cee981a79,348dbaa1bbe453bb47beb1976a4d5c8d724557177dd5a661fe989da06ab81b5d,b50f00604cdd98f561a53fc2772ea5072c8be551,true
20260307_032235_p2lk_1500_ramannet_ss22__h2ta_c-mk3__e-mend2a__x-mexo2a_s42__m02_p2lk_1500_ramannet_ss22__1500,2026-03-07T03:22:35.777030+00:00,p2lk_1500_ramannet_ss22__h2ta_c-mk3__e-mend2a__x-mexo2a_s42__m02_p2lk_1500_ramannet_ss22__1500,1500,file_mean,ramannet,118,0.6951936951936952,0.6833333333333332,0.8553755144032923,0.6904761904761905,4e0cc9066790983706847d2ecc113b5b5dc0194cc3814da33e881d8bc0bee062,348dbaa1bbe453bb47beb1976a4d5c8d724557177dd5a661fe989da06ab81b5d,b50f00604cdd98f561a53fc2772ea5072c8be551,true
20260307_032256_p2lk_1500_ramannet_ss33__h2ta_c-mk3__e-mend2a__x-mexo2a_s42__m03_p2lk_1500_ramannet_ss33__1500,2026-03-07T03:22:56.136843+00:00,p2lk_1500_ramannet_ss33__h2ta_c-mk3__e-mend2a__x-mexo2a_s42__m03_p2lk_1500_ramannet_ss33__1500,1500,file_mean,ramannet,118,0.7183760683760684,0.7138888888888889,0.841795267489712,0.7261904761904762,0390f6e9ab5b6adeb3b01cdcfab89069f9b0ca5fb9493215228886139f2f96c9,348dbaa1bbe453bb47beb1976a4d5c8d724557177dd5a661fe989da06ab81b5d,b50f00604cdd98f561a53fc2772ea5072c8be551,true
20260307_032315_p2lk_1500_ramannet_ss42__h2ta_c-mk3__e-mend2a__x-mexo2a_s42__m04_p2lk_1500_ramannet_ss42__1500,2026-03-07T03:23:15.141735+00:00,p2lk_1500_ramannet_ss42__h2ta_c-mk3__e-mend2a__x-mexo2a_s42__m04_p2lk_1500_ramannet_ss42__1500,1500,file_mean,ramannet,118,0.5876678876678877,0.5805555555555556,0.7618827160493828,0.5833333333333334,039f52b46c88caa1e0479fbf6ae2af4fc66efbaaabf5d7e2d162ba2a5e8e3688,348dbaa1bbe453bb47beb1976a4d5c8d724557177dd5a661fe989da06ab81b5d,b50f00604cdd98f561a53fc2772ea5072c8be551,true
20260307_032359_p2lk_2900_trpatch8_ss11__h2ta_c-mk3__e-mend2a__x-mexo2a_s42__m01_p2lk_2900_trpatch8_ss11__2900,2026-03-07T03:23:59.300807+00:00,p2lk_2900_trpatch8_ss11__h2ta_c-mk3__e-mend2a__x-mexo2a_s42__m01_p2lk_2900_trpatch8_ss11__2900,2900,file_mean,spectral_transformer,118,0.375,0.4666666666666666,0.8394804526748971,0.5,8c319dcf2304099817e5aa73ee9ebd41b76b1c55e9e0f97a9462541ade80dceb,7d9be1055eaaf9bc147923ff0d06b3763bf12255371ddbff2af558092543e577,b50f00604cdd98f561a53fc2772ea5072c8be551,true
20260307_032450_p2lk_2900_trpatch8_ss22__h2ta_c-mk3__e-mend2a__x-mexo2a_s42__m02_p2lk_2900_trpatch8_ss22__2900,2026-03-07T03:24:51.027562+00:00,p2lk_2900_trpatch8_ss22__h2ta_c-mk3__e-mend2a__x-mexo2a_s42__m02_p2lk_2900_trpatch8_ss22__2900,2900,file_mean,spectral_transformer,118,0.5555555555555555,0.6,0.7811213991769548,0.5714285714285714,7c0e6383426efca2798e8ad1b1d42de3a051a2ae0433ddc7820e32bd7d0be244,7d9be1055eaaf9bc147923ff0d06b3763bf12255371ddbff2af558092543e577,b50f00604cdd98f561a53fc2772ea5072c8be551,true
20260307_032538_p2lk_2900_trpatch8_ss33__h2ta_c-mk3__e-mend2a__x-mexo2a_s42__m03_p2lk_2900_trpatch8_ss33__2900,2026-03-07T03:25:38.442515+00:00,p2lk_2900_trpatch8_ss33__h2ta_c-mk3__e-mend2a__x-mexo2a_s42__m03_p2lk_2900_trpatch8_ss33__2900,2900,file_mean,spectral_transformer,118,0.7070707070707071,0.7000000000000001,0.8048096707818929,0.7142857142857143,6dd3eb17fb3ec74b2af633c69d9fba2e48076efc5321811f165b0bd09a1d2974,7d9be1055eaaf9bc147923ff0d06b3763bf12255371ddbff2af558092543e577,b50f00604cdd98f561a53fc2772ea5072c8be551,true
20260307_032624_p2lk_2900_trpatch8_ss42__h2ta_c-mk3__e-mend2a__x-mexo2a_s42__m04_p2lk_2900_trpatch8_ss42__2900,2026-03-07T03:26:24.987780+00:00,p2lk_2900_trpatch8_ss42__h2ta_c-mk3__e-mend2a__x-mexo2a_s42__m04_p2lk_2900_trpatch8_ss42__2900,2900,file_mean,spectral_transformer,118,0.6135531135531136,0.6333333333333333,0.7742541152263375,0.6428571428571429,fc2f7030e2a2da0ff30e0648681d8fd66e77c24a5bf01a5dc74934cb56796d19,7d9be1055eaaf9bc147923ff0d06b3763bf12255371ddbff2af558092543e577,b50f00604cdd98f561a53fc2772ea5072c8be551,true
20260307_032646_p2lk_1500_ramannet_ss11__h2ta_c-mk3__e-mend3__x-mexo2b_s42__m01_p2lk_1500_ramannet_ss11__1500,2026-03-07T03:26:46.928065+00:00,p2lk_1500_ramannet_ss11__h2ta_c-mk3__e-mend3__x-mexo2b_s42__m01_p2lk_1500_ramannet_ss11__1500,1500,file_mean,ramannet,118,0.7912457912457912,0.8000000000000002,0.8894444444444445,0.8,bdea46c3c420c484fe14a4693f97c9665b9e8fc7aa8111e8bd535266412161b1,348dbaa1bbe453bb47beb1976a4d5c8d724557177dd5a661fe989da06ab81b5d,b50f00604cdd98f561a53fc2772ea5072c8be551,true
20260307_032709_p2lk_1500_ramannet_ss22__h2ta_c-mk3__e-mend3__x-mexo2b_s42__m02_p2lk_1500_ramannet_ss22__1500,2026-03-07T03:27:09.404501+00:00,p2lk_1500_ramannet_ss22__h2ta_c-mk3__e-mend3__x-mexo2b_s42__m02_p2lk_1500_ramannet_ss22__1500,1500,file_mean,ramannet,118,0.6773689766517634,0.6777777777777777,0.8462962962962962,0.6777777777777778,0f6362300682a4dc39287d8e85beef6d415b9ea841a8d995340d45bfc4e2535a,348dbaa1bbe453bb47beb1976a4d5c8d724557177dd5a661fe989da06ab81b5d,b50f00604cdd98f561a53fc2772ea5072c8be551,true
20260307_032731_p2lk_1500_ramannet_ss33__h2ta_c-mk3__e-mend3__x-mexo2b_s42__m03_p2lk_1500_ramannet_ss33__1500,2026-03-07T03:27:31.392413+00:00,p2lk_1500_ramannet_ss33__h2ta_c-mk3__e-mend3__x-mexo2b_s42__m03_p2lk_1500_ramannet_ss33__1500,1500,file_mean,ramannet,118,0.6756135640212921,0.6888888888888888,0.875,0.6888888888888889,94c06ad729efabbb07a656cda9ce8176d0201c4483dfc1772c634bfb0e66bd52,348dbaa1bbe453bb47beb1976a4d5c8d724557177dd5a661fe989da06ab81b5d,b50f00604cdd98f561a53fc2772ea5072c8be551,true
20260307_032753_p2lk_1500_ramannet_ss42__h2ta_c-mk3__e-mend3__x-mexo2b_s42__m04_p2lk_1500_ramannet_ss42__1500,2026-03-07T03:27:53.402742+00:00,p2lk_1500_ramannet_ss42__h2ta_c-mk3__e-mend3__x-mexo2b_s42__m04_p2lk_1500_ramannet_ss42__1500,1500,file_mean,ramannet,118,0.7636363636363637,0.7666666666666666,0.8907407407407408,0.7666666666666667,3c84f997cfc0ba1cc0911d301c12d7c63dfb237d6f12b9314529d5b490310b42,348dbaa1bbe453bb47beb1976a4d5c8d724557177dd5a661fe989da06ab81b5d,b50f00604cdd98f561a53fc2772ea5072c8be551,true
20260307_032841_p2lk_2900_trpatch8_ss11__h2ta_c-mk3__e-mend3__x-mexo2b_s42__m01_p2lk_2900_trpatch8_ss11__2900,2026-03-07T03:28:41.963498+00:00,p2lk_2900_trpatch8_ss11__h2ta_c-mk3__e-mend3__x-mexo2b_s42__m01_p2lk_2900_trpatch8_ss11__2900,2900,file_mean,spectral_transformer,118,0.5793650793650793,0.6,0.8314814814814815,0.6,fd8690128f00c2be9c931ac0bff592d299e21550432967616c57f984959d2948,7d9be1055eaaf9bc147923ff0d06b3763bf12255371ddbff2af558092543e577,b50f00604cdd98f561a53fc2772ea5072c8be551,true
20260307_032931_p2lk_2900_trpatch8_ss22__h2ta_c-mk3__e-mend3__x-mexo2b_s42__m02_p2lk_2900_trpatch8_ss22__2900,2026-03-07T03:29:31.850007+00:00,p2lk_2900_trpatch8_ss22__h2ta_c-mk3__e-mend3__x-mexo2b_s42__m02_p2lk_2900_trpatch8_ss22__2900,2900,file_mean,spectral_transformer,118,0.6551226551226551,0.6666666666666666,0.7720370370370371,0.6666666666666666,81d5dcae3b0ef701e8ae9674beb3a0401233675c0a7bb7d7c32e428b73572a2b,7d9be1055eaaf9bc147923ff0d06b3763bf12255371ddbff2af558092543e577,b50f00604cdd98f561a53fc2772ea5072c8be551,true
20260307_033037_p2lk_2900_trpatch8_ss33__h2ta_c-mk3__e-mend3__x-mexo2b_s42__m03_p2lk_2900_trpatch8_ss33__2900,2026-03-07T03:30:37.832707+00:00,p2lk_2900_trpatch8_ss33__h2ta_c-mk3__e-mend3__x-mexo2b_s42__m03_p2lk_2900_trpatch8_ss33__2900,2900,file_mean,spectral_transformer,118,0.5945165945165946,0.6000000000000001,0.7061111111111112,0.6,c162171f38da7fc0064a42bed12598e3c89804aa1df779415fad516e424c593d,7d9be1055eaaf9bc147923ff0d06b3763bf12255371ddbff2af558092543e577,b50f00604cdd98f561a53fc2772ea5072c8be551,true
20260307_033135_p2lk_2900_trpatch8_ss42__h2ta_c-mk3__e-mend3__x-mexo2b_s42__m04_p2lk_2900_trpatch8_ss42__2900,2026-03-07T03:31:35.979270+00:00,p2lk_2900_trpatch8_ss42__h2ta_c-mk3__e-mend3__x-mexo2b_s42__m04_p2lk_2900_trpatch8_ss42__2900,2900,file_mean,spectral_transformer,118,0.6555555555555556,0.6666666666666666,0.7390740740740741,0.6666666666666666,db56cd831ffe1702b5bdb3b75aaef7ff0f7603c4e0ce7581b01d5bd8b55368d5,7d9be1055eaaf9bc147923ff0d06b3763bf12255371ddbff2af558092543e577,b50f00604cdd98f561a53fc2772ea5072c8be551,true
